year,N_bt,N_bt_se,N_c,N_c_se,N_of,N_of_se,H_bt,H_bt_se,H_dobt,H_dobt_se,H_c,H_c_se,H_of,H_of_se,RN_bt,RN_bt_se,RH_bt,RH_bt_se,N_dvc,N_dvc_se,N_dbt,N_dbt_se,N_dof,N_dof_se,N_dobt,N_dobt_se,H_dvc,H_dvc_se,H_dbt,H_dbt_se,H_dof,H_dof_se,RN_dbt,RN_dbt_se,RH_dbt,RH_dbt_se,C_bt,C_bt_se,V_bt,V_bt_se,C_of,C_of_se,V_of,V_of_se,C_bt_eez,C_bt_eez_se,V_bt_eez,V_bt_eez_se,C_bt_byeez,C_bt_byeez_se,V_bt_byeez,V_bt_byeez_se,C_bt_dom,C_bt_dom_se,V_bt_dom,V_bt_dom_se,C_bt_bydom,C_bt_bydom_se,V_bt_bydom,V_bt_bydom_se,all_c,all_c_se,all_v,all_v_se,RC_bt_all,RC_bt_all_se,RV_bt_all,RV_bt_all_se,RC_bt_eez,RC_bt_eez_se,RV_bt_eez,RV_bt_eez_se,RC_bt_dom,RC_bt_dom_se,RV_bt_dom,RV_bt_dom_se,HpV_bt,HpV_bt_se,HpV_of,HpV_of_se,HpV_dbt,HpV_dbt_se,HpV_dobt,HpV_dobt_se,HpV_c,HpV_c_se,HpV_dc,HpV_dc_se,HpV_dof,HpV_dof_se,RHpV_bt_of,RHpV_bt_of_se,RHpV_dbt_dobt,RHpV_dbt_dobt_se,RHpV_dbt_dof,RHpV_dbt_dof_se,CpH_bt,CpH_bt_se,CpH_of,CpH_of_se,CpH_dobt,CpH_dobt_se,CpH_dbt,CpH_dbt_se,RCpH_dbt_dobt,RCpH_dbt_dobt_se,RCpH_bt_of,RCpH_bt_of_se,VpH_dobt,VpH_dobt_se,VpH_bt,VpH_bt_se,VpH_dbt,VpH_dbt_se,VpH_of,VpH_of_se,RVpH_bt_of,RVpH_bt_of_se,RVpH_dbt_dobt,RVpH_dbt_dobt_se,VpC_bt,VpC_bt_se,VpC_of,VpC_of_se,VpC_bt_eez,VpC_bt_eez_se,VpC_bt_byeez,VpC_bt_byeez_se,VpC_bt_dom,VpC_bt_dom_se,VpC_bt_bydom,VpC_bt_bydom_se,RVpC_bt_of,RVpC_bt_of_se,RVpC_eez_by,RVpC_eez_by_se,RVpC_dom_by,RVpC_dom_by_se
1950,183,29,183,29,0,0,11822.37075,1904.131769,11822.37075,1904.131769,11822.37075,1904.131769,0,0,100,0,100,0,,,,,,,,,,,,,,,,,,,44987.00928,0,75795079.87,0,898293.3114,0,1547932647,0,43719.00928,0,75266323.87,0,1268,0,528756,0,44987.00928,0,75795079.87,0,0,0,0,0,943280.3207,0,1623727727,0,4.769208929,0,4.667967333,0,97.18140854,0,99.30238744,0,100,0,100,0,64.60311885,14.59710468,0,0,,,64.60311885,14.59710468,64.60311885,14.59710468,,,,,,,,,,,3.805244331,0.612879326,,,3.805244331,0.612879326,,,,,,,6411.157413,1032.592258,6411.157413,1032.592258,,,,,,,,,1684.821487,0,1723.19289,0,1721.592623,0,417,0,1684.821487,0,0,0,0.977732381,0,4.12851948,0,,0
1951,211,1,211,1,0,0,13664.0466,106.7634132,13664.0466,106.7634132,13664.0466,106.7634132,0,0,100,0,100,0,,,,,,,,,,,,,,,,,,,68116.3915,0,115851478.9,0,1180443.352,0,1868131863,0,66264.3915,0,115044006.9,0,1852,0,807472,0,68116.3915,0,115851478.9,0,0,0,0,0,1248559.743,0,1983983342,0,5.45559729,0,5.839337279,0,97.28112432,0,99.30301106,0,100,0,100,0,64.75851469,0.591792877,0,0,,,64.75851469,0.591792877,64.75851469,0.591792877,,,,,,,,,,,4.985081908,0.038950713,,,4.985081908,0.038950713,,,,,,,8478.562924,66.24686986,8478.562924,66.24686986,,,,,,,,,1700.787084,0,1582.56799,0,1736.136171,0,436,0,1700.787084,0,0,0,1.0747008,0,3.981963694,0,,0
1952,264,1,264,1,0,0,15877.97545,106.7634132,15877.97545,106.7634132,15877.97545,106.7634132,0,0,100,0,100,0,,,,,,,,,,,,,,,,,,,89211.24395,0,123714095.7,0,1411035.387,0,1660676224,0,86899.24395,0,122803167.7,0,2312,0,910928,0,89211.24395,0,123714095.7,0,0,0,0,0,1500246.631,0,1784390320,0,5.946438546,0,6.933129726,0,97.40839843,0,99.26368293,0,100,0,100,0,60.1438464,0.464161366,0,0,,,60.1438464,0.464161366,60.1438464,0.464161366,,,,,,,,,,,5.618552833,0.037779116,,,5.618552833,0.037779116,,,,,,,7791.553532,52.39035996,7791.553532,52.39035996,,,,,,,,,1386.754519,0,1176.920323,0,1413.167274,0,394,0,1386.754519,0,0,0,1.17829091,0,3.58671897,0,,0
1953,265,1,267,1,2,0,15592.6203,106.7634132,15592.6203,106.7634132,15710.14342,106.7634132,117.5231128,0,99.5,0.65,99.3,1,,,,,,,,,,,,,,,,,,,94260.16991,0,145665812,0,1417493.343,0,1803477650,0,91836.16991,0,144516836,0,2424,0,1148976,0,94260.16991,0,145665812,0,0,0,0,0,1511753.513,0,1949143462,0,6.23515468,0,7.473324301,0,97.4283942,0,99.21122466,0,100,0,100,0,58.8400766,0.460015029,58.7615564,0,,,58.8400766,0.460015029,58.83948846,0.456568161,,,,,1.001336251,0.500729326,,,,,6.045178302,0.041391624,12061.4006,0,6.045178302,0.041391624,,,,,0.0005012,3.43E-06,9341.971343,63.96492234,9341.971343,63.96492234,,,15345727.38,0,0.000608767,4.17E-06,,,1545.359107,0,1272.300614,0,1573.637447,0,474,0,1545.359107,0,0,0,1.214617906,0,3.319910227,0,,0
1954,290,2,321,5,31,6,17234.86827,106.7634132,17234.86827,106.7634132,26139.58609,628.5035387,8904.717822,637.5069604,90.4,1.57,65.9,1.6,,,,,,,,,,,,,,,,,,,116762.929,0,327119934.6,0,1674207.219,0,3174564785,0,113866.929,0,325799358.6,0,2896,0,1320576,0,116762.929,0,327119934.6,0,0,0,0,0,1790970.148,0,3501684720,0,6.519535188,0,9.34178719,0,97.51976075,0,99.59630219,0,100,0,100,0,59.43058024,0.550930484,287.248962,59.2780526,,,59.43058024,0.550930484,81.43173237,2.332904631,,,,,0.206895718,0.042739034,,,,,6.774808323,0.041967345,188.0135062,13.46027142,6.774808323,0.041967345,,,,,0.036033626,2.59E-03,18980.12387,117.5746037,18980.12387,117.5746037,,,356503.6926,25522.82846,0.053239628,3.83E-03,,,2801.573559,0,1896.160015,0,2861.228993,0,456,0,2801.573559,0,0,0,1.47749849,0,6.274624985,0,,0
1955,339,2,541,9,202,9,21462.78324,106.7634132,21462.78324,106.7634132,35960.34513,835.1341222,14497.56189,841.9307741,62.6,1.06,59.7,1.4,,,,,,,,,,,,,,,,,,,136393.4975,0,382215725.1,0,1822388.29,0,3396643261,0,133261.4975,0,380784401.1,0,3132,0,1431324,0,136393.4975,0,382215725.1,0,0,0,0,0,1958781.787,0,3778858986,0,6.963179789,0,10.11458026,0,97.70370285,0,99.62551933,0,100,0,100,0,63.31204496,0.488573293,71.77010837,5.253299301,,,63.31204496,0.488573293,66.47013887,1.898876854,,,,,0.882150611,0.06492793,,,,,6.354883986,0.031611422,125.7030874,7.300075594,6.354883986,0.031611422,,,,,0.050554717,2.95E-03,17808.30197,88.58474134,17808.30197,88.58474134,,,234290.6543,13606.18519,0.076009442,4.43E-03,,,2802.301665,0,1863.841685,0,2857.422498,0,457,0,2802.301665,0,0,0,1.503508419,0,6.252565642,0,,0
1956,372,2,1064,17,692,17,26462.80712,106.7634132,26462.80712,106.7634132,56363.27366,1263.045046,29900.46654,1267.549295,35,0.58,47,1.1,,,,,,,,,,,,,,,,,,,173793.9047,0,484840680.2,0,2133088.34,0,3992305040,0,170201.9047,0,483357184.2,0,3592,0,1483496,0,173793.9047,0,484840680.2,0,0,0,0,0,2306882.245,0,4477145720,0,7.533713742,0,10.82923609,0,97.93318413,0,99.69402402,0,100,0,100,0,71.13657828,0.478162848,43.20876668,2.117061146,,,71.13657828,0.478162848,52.97300156,1.457905488,,,,,1.646345956,0.08142009,,,,,6.567478042,0.026496296,71.33963402,3.024250564,6.567478042,0.026496296,,,,,0.092059318,3.92E-03,18321.58916,73.91790998,18321.58916,73.91790998,,,133519.8243,5660.211321,0.137219992,5.84E-03,,,2789.74502,0,1871.607924,0,2839.904671,0,413,0,2789.74502,0,0,0,1.490560595,0,6.876282497,0,,0
1957,419,2,1381,21,963,21,31714.21528,106.7634132,31714.21528,106.7634132,73615.05906,1590.094023,41900.84378,1593.674191,30.3,0.49,43.1,0.9,,,,,,,,,,,,,,,,,,,177362.9998,0,507608448.6,0,2010081.559,0,3884238198,0,168649.2188,0,492280832.1,0,8713.781,0,15327616.5,0,177362.9998,0,507608448.6,0,0,0,0,0,2187444.559,0,4391846647,0,8.108228347,0,11.55797298,0,95.08703562,0,96.98042526,0,100,0,100,0,75.69025126,0.442104267,43.5107412,1.907615196,,,75.69025126,0.442104267,53.30561844,1.408114994,,,,,1.739576233,0.076941059,,,,,5.592539441,0.018826844,47.97234083,1.824600045,5.592539441,0.018826844,,,,,0.116578415,4.45E-03,16005.70735,53.88195584,16005.70735,53.88195584,,,92700.71549,3525.817727,0.17266002,6.59E-03,,,2861.974872,0,1932.378406,0,2918.963014,0,1759.00869,0,2861.974872,0,0,0,1.481063369,0,1.659436381,0,,0
1958,519,3,1334,20,815,20,40173.44231,106.7634132,40173.44231,106.7634132,86039.67167,1789.385956,45866.22936,1792.568137,38.9,0.62,46.7,1,,,,,,,,,,,,,,,,,,,198477.2372,0,574918389.6,0,2120297.433,0,4184757555,0,182913.1665,0,541344271.7,0,15564.0707,0,33574117.9,0,198477.2372,0,574918389.6,0,0,0,0,0,2318774.67,0,4759675945,0,8.559574148,0,12.07893975,0,92.15825909,0,94.16019412,0,100,0,100,0,77.40547651,0.492453648,56.27758204,2.597104913,,,77.40547651,0.492453648,64.497505,1.653577565,,,,,1.375422925,0.06407352,,,,,4.940508599,0.013129708,46.22785571,1.806701409,4.940508599,0.013129708,,,,,0.106872978,4.19E-03,14310.90682,38.03212198,14310.90682,38.03212198,,,91238.31659,3565.823951,0.156851938,6.14E-03,,,2896.646475,0,1973.66534,0,2959.569735,0,2157.155319,0,2896.646475,0,0,0,1.467648246,0,1.371978044,0,,0
1959,560,3,2280,34,1720,34,45972.26645,106.7634132,45972.26645,106.7634132,132587.3394,2651.793472,86615.07295,2653.941794,24.6,0.38,34.7,0.7,,,,,,,,,,,,,,,,,,,223671.3444,0,699355771.1,0,2123143.704,0,4589756060,0,200538.8337,0,640598575.7,0,23132.5107,0,58757195.4,0,223671.3444,0,699355771.1,0,0,0,0,0,2346815.048,0,5289111831,0,9.530846693,0,13.22255595,0,89.65781211,0,91.59838271,0,100,0,100,0,82.09333295,0.479331301,50.35760055,1.836224115,,,82.09333295,0.479331301,58.15234184,1.450770051,,,,,1.630207398,0.060200653,,,,,4.865353868,0.011299025,24.5124045,0.75107591,4.865353868,0.011299025,,,,,0.198485378,6.10E-03,15212.55803,35.32879155,15212.55803,35.32879155,,,52990.26952,1623.656093,0.287082103,8.82E-03,,,3126.711528,0,2161.773624,0,3194.386663,0,2540.026725,0,3126.711528,0,0,0,1.446363992,0,1.257619312,0,,0
1960,656,3,3279,47,2624,48,56929.80687,106.7634132,56929.80687,106.7634132,191490.1431,3678.421763,134560.3362,3679.970801,20,0.31,29.7,0.6,,,,,,,,,,,,,,,,,,,246220.7163,0,782305687.9,0,2214514.824,0,4826634572,0,216428.5567,0,699860405.1,0,29792.1596,0,82445282.8,0,246220.7163,0,782305687.9,0,0,0,0,0,2460735.54,0,5608940260,0,10.00598042,0,13.94747763,0,87.90022219,0,89.46124462,0,100,0,100,0,86.78324218,0.428948372,51.28061593,1.687234619,,,86.78324218,0.428948372,58.39894575,1.399695479,,,,,1.692320589,0.056305522,,,,,4.324987732,0.008110873,16.4574115,0.450079091,4.324987732,0.008110873,,,,,0.262798784,7.20E-03,13741.58338,25.7703025,13741.58338,25.7703025,,,35869.6679,980.9676034,0.383097591,1.05E-02,,,3177.253724,0,2179.544937,0,3233.678659,0,2767.348319,0,3177.253724,0,0,0,1.457760136,0,1.168511617,0,,0
1961,720,4,4029,58,3309,58,65268.19475,106.7634132,65268.19475,106.7634132,239261.7773,4408.248143,173993.5825,4409.540806,17.9,0.27,27.3,0.5,,,,,,,,,,,,,,,,,,,272501.8326,0,874416304.4,0,1933812.16,0,4708176066,0,235087.2832,0,767905982.7,0,37414.5494,0,106510321.7,0,272501.8326,0,874416304.4,0,0,0,0,0,2206313.993,0,5582592370,0,12.35099961,0,15.66326621,0,86.26998246,0,87.81926627,0,100,0,100,0,90.65027049,0.524988924,52.58192279,1.620259773,,,90.65027049,0.524988924,59.38490377,1.388504541,,,,,1.723981659,0.054052887,,,,,4.175109081,0.006829496,11.11427291,0.281670388,4.175109081,0.006829496,,,,,0.375652921,9.54E-03,13397.28037,21.91479917,13397.28037,21.91479917,,,27059.48115,685.7717659,0.495104851,1.26E-02,,,3208.845592,0,2434.660493,0,3266.471807,0,2846.762113,0,3208.845592,0,0,0,1.317984829,0,1.147434059,0,,0
1962,858,5,4821,68,3962,68,83092.21463,106.7634132,83092.21463,106.7634132,303899.6515,5362.256643,220807.4369,5363.319376,17.8,0.27,27.3,0.5,,,,,,,,,,,,,,,,,,,302329.4191,0,1024923736,0,2100106.46,0,5157680982,0,255399.9866,0,885486513.5,0,46929.4325,0,139437222.5,0,302329.4191,0,1024923736,0,0,0,0,0,2402435.879,0,6182604718,0,12.58428671,0,16.57753945,0,84.47738475,0,86.3953563,0,100,0,100,0,96.844073,0.577914418,55.73130664,1.657529853,,,96.844073,0.577914418,63.03664209,1.423972114,,,,,1.737696079,0.052711646,,,,,3.638480698,0.004675006,9.511031374,0.231018935,3.638480698,0.004675006,,,,,0.382553748,9.31E-03,12334.77457,15.84868859,12334.77457,15.84868859,,,23358.27567,567.3626499,0.528068713,1.28E-02,,,3390.089324,0,2455.91406,0,3467.057792,0,2971.210498,0,3390.089324,0,0,0,1.380377831,0,1.166883933,0,,0
1963,862,5,5429,76,4566,76,89398.17502,106.7634132,89398.17502,106.7634132,350720.9505,5916.816631,261322.7755,5917.779775,15.9,0.24,25.5,0.4,,,,,,,,,,,,,,,,,,,330208.1219,0,1059764841,0,1997993.448,0,4907210772,0,275959.8798,0,901192290,0,54248.2421,0,158572551,0,330208.1219,0,1059764841,0,0,0,0,0,2328201.57,0,5966975613,0,14.18296964,0,17.7605023,0,83.57149976,0,85.03700587,0,100,0,100,0,103.7101798,0.614185017,57.23232052,1.608488892,,,103.7101798,0.614185017,64.60139077,1.41620157,,,,,1.81209112,0.052046387,,,,,3.693678555,0.004411161,7.645691977,0.173140367,3.693678555,0.004411161,,,,,0.483105854,1.10E-02,11854.43484,14.15711143,11854.43484,14.15711143,,,18778.35088,425.2447757,0.631281997,1.43E-02,,,3209.384539,0,2456.069502,0,3265.664163,0,2923.091051,0,3209.384539,0,0,0,1.306715684,0,1.117195498,0,,0
1964,882,5,6166,85,5284,85,94168.42057,107.4810946,94168.42057,107.4810946,395835.9724,6373.246436,301667.5518,6374.152675,14.3,0.21,23.8,0.4,,,,,,,,,,,,,,,,,,,350848.147,0,1223967386,0,2032629.688,0,5225685797,0,288583.9944,0,1024795925,0,62264.1526,0,199171461,0,350848.147,0,1223967386,0,0,0,0,0,2383477.835,0,6449653183,0,14.7200088,0,18.97725895,0,82.25324741,0,83.72738822,0,100,0,100,0,106.7669167,0.617400344,57.09075545,1.51611626,,,106.7669167,0.617400344,64.19655731,1.360705285,,,,,1.870126185,0.050827327,,,,,3.725751636,0.004252464,6.737979196,0.142371653,3.725751636,0.004252464,,,,,0.552947928,1.17E-02,12997.64166,14.83512991,12997.64166,14.83512991,,,17322.66452,366.0231528,0.750325774,1.59E-02,,,3488.59584,0,2570.899081,0,3551.118374,0,3198.814289,0,3488.59584,0,0,0,1.356955575,0,1.110135836,0,,0
1965,830,5,7117,97,6287,98,92049.8422,107.5266696,92049.8422,107.5266696,439138.3033,6734.22882,347088.4611,6735.087214,11.7,0.17,21,0.3,,,,,,,,,,,,,,,,,,,383955.1266,0,1474905837,0,2108816.791,0,5769094862,0,311946.2998,0,1213110845,0,72008.8268,0,261794992,0,383955.1266,0,1474905837,0,0,0,0,0,2492771.918,0,7244000699,0,15.40273797,0,20.36037679,0,81.24550975,0,82.25005384,0,100,0,100,0,110.9034243,0.680537583,55.2073264,1.374111,,,110.9034243,0.680537583,61.70272633,1.265919942,,,,,2.008853381,0.051497495,,,,,4.171165506,0.004872486,6.075732925,0.11789672,4.171165506,0.004872486,,,,,0.686528779,1.33E-02,16022.90457,18.71692036,16022.90457,18.71692036,,,16621.3963,322.5303236,0.963992692,1.87E-02,,,3841.349509,0,2735.70226,0,3888.845118,0,3635.595852,0,3841.349509,0,0,0,1.404154818,0,1.069658256,0,,0
1966,836,5,8489,115,7653,115,93422.44347,107.5207633,93422.44347,107.5207633,487794.08,7108.563591,394371.6365,7109.376699,9.8,0.14,19.2,0.3,,,,,,,,,,,,,,,,,,,405022.7925,0,1607272073,0,2245214.346,0,6097237339,0,326075.4425,0,1313243815,0,78947.35,0,294028258,0,405022.7925,0,1607272073,0,0,0,0,0,2650237.138,0,7704509412,0,15.28251139,0,20.86144603,0,80.50792413,0,81.70637922,0,100,0,100,0,111.7493343,0.680619442,51.53163942,1.209381418,,,111.7493343,0.680619442,57.46190128,1.143316317,,,,,2.168557716,0.052579182,,,,,4.335390699,0.004989642,5.693143569,0.102630865,4.335390699,0.004989642,,,,,0.761510868,1.38E-02,17204.34634,19.80064299,17204.34634,19.80064299,,,15460.63858,278.7104688,1.112783683,2.01E-02,,,3968.34969,0,2715.659353,0,4027.42324,0,3724.358804,0,3968.34969,0,0,0,1.461284047,0,1.081373587,0,,0
1967,817,4,9329,125,8513,125,92586.96154,107.5387628,92586.96154,107.5387628,528549.4499,7301.019523,435962.4884,7301.811464,8.8,0.13,17.5,0.2,,,,,,,,,,,,,,,,,,,423867.3027,0,1602285604,0,1979540.466,0,5494817202,0,338366.0391,0,1301009930,0,85501.2636,0,301275674,0,423867.3027,0,1602285604,0,0,0,0,0,2403407.769,0,7097102806,0,17.63609605,0,22.57661539,0,79.8282946,0,81.19713032,0,100,0,100,0,113.3255343,0.570236813,51.21138123,1.140672371,,,113.3255343,0.570236813,56.65660305,1.090316455,,,,,2.212897438,0.050531741,,,,,4.578045285,0.00531735,4.540621082,0.076049568,4.578045285,0.00531735,,,,,1.008242089,1.69E-02,17305.73698,20.10042789,17305.73698,20.10042789,,,12603.87613,211.0987291,1.373048798,2.31E-02,,,3780.15854,0,2775.804434,0,3844.977863,0,3523.640018,0,3780.15854,0,0,0,1.36182452,0,1.091194856,0,,0
1968,818,4,10048,132,9231,132,91654.89493,107.5378863,91654.89493,107.5378863,553285.04,7223.469998,461630.1451,7224.270427,8.1,0.12,16.6,0.2,,,,,,,,,,,,,,,,,,,465144.6682,0,1831021781,0,1993961.054,0,5806031017,0,368092.3487,0,1467224031,0,97052.3195,0,363797750,0,465144.6682,0,1831021781,0,0,0,0,0,2459105.722,0,7637052798,0,18.91519604,0,23.97550245,0,79.13502484,0,80.13143515,0,100,0,100,0,112.0475488,0.563460745,50.00868217,1.060120266,,,112.0475488,0.563460745,55.06419586,1.019844863,,,,,2.240561917,0.048815175,,,,,5.074957192,0.005954403,4.319390913,0.06759621,5.074957192,0.005954403,,,,,1.174924265,1.84E-02,19977.34854,23.43924825,19977.34854,23.43924825,,,12577.23543,196.827159,1.588373585,2.49E-02,,,3936.456561,0,2911.807633,0,3986.021541,0,3748.470432,0,3936.456561,0,0,0,1.351894444,0,1.063372811,0,,0
1969,758,4,11809,153,11051,153,89382.1648,107.5993069,89382.1648,107.5993069,627823.8046,7721.559335,538441.6398,7722.308992,6.4,0.09,14.2,0.2,,,,,,,,,,,,,,,,,,,478762.4667,0,1915637147,0,2148468.546,0,6107523244,0,374584.9824,0,1519009908,0,104177.4843,0,396627239,0,478762.4667,0,1915637147,0,0,0,0,0,2627231.013,0,8023160391,0,18.22308219,0,23.87634116,0,78.24025659,0,79.29528358,0,100,0,100,0,117.9184232,0.638246636,48.72334086,0.971261795,,,117.9184232,0.638246636,53.1648577,0.949744085,,,,,2.420162927,0.049990836,,,,,5.356353449,0.006448042,3.990160469,0.057226726,5.356353449,0.006448042,,,,,1.342390485,1.93E-02,21431.98424,25.80007605,21431.98424,25.80007605,,,11342.96234,162.6803234,1.889452119,2.72E-02,,,4001.226663,0,2842.733376,0,4055.181012,0,3807.226117,0,4001.226663,0,0,0,1.407527943,0,1.065127441,0,,0
1970,770,4,13258,167,12488,167,91204.76181,108.0262576,91204.76181,108.0262576,685454.5431,7911.859617,594249.7813,7912.597062,5.8,0.08,13.3,0.2,,,,,,,,,,,,,,,,,,,444582.4022,0,1731603146,0,2072887.315,0,5636823729,0,342522.6602,0,1357275919,0,102059.742,0,374327227,0,444582.4022,0,1731603146,0,0,0,0,0,2517469.717,0,7368426875,0,17.65989077,0,23.50030984,0,77.0436838,0,78.3826203,0,100,0,100,0,118.4477426,0.631104101,47.58566474,0.898007491,,,118.4477426,0.631104101,51.70120253,0.883308323,,,,,2.489147588,0.048810029,,,,,4.874552527,0.005773598,3.488242453,0.046446895,4.874552527,0.005773598,,,,,1.397423658,1.87E-02,18985.88529,22.48757735,18985.88529,22.48757735,,,9485.613468,126.3035168,2.001545325,2.68E-02,,,3894.898083,0,2719.310253,0,3962.587229,0,3667.726565,0,3894.898083,0,0,0,1.432311035,0,1.080393306,0,,0
1971,846,5,15109,185,14263,185,104645.3487,108.8113653,104645.3487,108.8113653,705314.263,7607.267114,600668.9143,7608.045272,5.6,0.08,14.8,0.2,,,,,,,,,,,,,,,,,,,514953.0242,0,1507440822,0,1989688.584,0,4422987219,0,401940.3854,0,1193842134,0,113012.6388,0,313598688,0,514953.0242,0,1507440822,0,0,0,0,0,2504641.608,0,5930428041,0,20.55994848,0,25.41875243,0,78.05379647,0,79.19661698,0,100,0,100,0,123.6942656,0.742281678,42.11378492,0.763484102,,,123.6942656,0.742281678,46.68173029,0.761719924,,,,,2.937144354,0.056089056,,,,,4.920935623,0.005116842,3.312454726,0.041955402,4.920935623,0.005116842,,,,,1.485585775,1.89E-02,14405.23483,14.97871897,14405.23483,14.97871897,,,7363.436185,93.26494933,1.95631964,2.49E-02,,,2927.336575,0,2222.954514,0,2970.197018,0,2774.899262,0,2927.336575,0,0,0,1.31686751,0,1.070380125,0,,0
1972,779,4,16756,198,15978,198,141373.7929,108.9908996,141373.7929,108.9908996,903140.6867,9056.580455,761766.8938,9057.236254,4.6,0.06,15.7,0.2,,,,,,,,,,,,,,,,,,,617249.418,0,1949795113,0,2212696.508,0,5014505057,0,413221.7312,0,1341908904,0,204027.6868,0,607886209,0,617249.418,0,1949795113,0,0,0,0,0,2829945.926,0,6964300170,0,21.81135026,0,27.99699992,0,66.94566559,0,68.82307249,0,100,0,100,0,181.4811205,0.942311779,47.67598534,0.818763891,,,181.4811205,0.942311779,53.89953967,0.8353416,,,,,3.806552066,0.068294441,,,,,4.366080907,0.003365992,2.904689776,0.034536105,4.366080907,0.003365992,,,,,1.503114358,1.79E-02,13791.77196,10.63264699,13791.77196,10.63264699,,,6582.729045,78.26716104,2.095145018,2.50E-02,,,3158.844798,0,2266.241682,0,3247.430623,0,2979.429991,0,3158.844798,0,0,0,1.39386934,0,1.089950304,0,,0
1973,880,5,20866,236,19987,236,160682.1993,108.7309807,160682.1993,108.7309807,1059657.593,9822.041609,898975.3937,9822.643422,4.2,0.05,15.2,0.1,,,,,,,,,,,,,,,,,,,690016.2855,0,3849946719,0,2407572.18,0,8294431345,0,464522.9511,0,2567280699,0,225493.3344,0,1282666020,0,690016.2855,0,3849946719,0,0,0,0,0,3097588.465,0,12144378064,0,22.27591862,0,31.70147288,0,67.32057791,0,66.68353841,0,100,0,100,0,182.5934083,1.044794286,44.97800539,0.723585985,,,182.5934083,1.044794286,50.78393525,0.742623307,,,,,4.05961551,0.069317299,,,,,4.294292016,0.002905876,2.67812912,0.029262544,4.294292016,0.002905876,,,,,1.603467131,1.76E-02,23960.00762,16.21333998,23960.00762,16.21333998,,,9226.538794,100.813661,2.596857625,2.84E-02,,,5579.501238,0,3445.143375,0,5526.703671,0,5688.26579,0,5579.501238,0,0,0,1.619526571,0,0.971597298,0,,0
1974,948,5,24360,261,23411,261,180726.4857,108.5859636,180726.4857,108.5859636,1229955.087,10466.53741,1049228.601,10467.10066,3.9,0.05,14.7,0.1,,,,,,,,,,,,,,,,,,,816995.1535,0,3593847751,0,2412726.778,0,6999037634,0,536247.7761,0,2343228181,0,280747.3774,0,1250619570,0,816995.1535,0,3593847751,0,0,0,0,0,3229721.931,0,10592885385,0,25.29614533,0,33.92699553,0,65.63659207,0,65.20109764,0,100,0,100,0,190.6397528,1.011987073,44.81776092,0.670489138,,,190.6397528,1.011987073,50.49076712,0.690839826,,,,,4.253665263,0.067523602,,,,,4.520616612,0.002716124,2.299524408,0.022940047,4.520616612,0.002716124,,,,,1.965891989,1.96E-02,19885.56208,11.94784988,19885.56208,11.94784988,,,6670.650826,66.54638808,2.981052764,2.98E-02,,,4398.860551,0,2900.882809,0,4369.674403,0,4454.608202,0,4398.860551,0,0,0,1.516386852,0,0.980933497,0,,0
1975,1059,6,28105,283,27045,283,210830.4087,108.3922624,210830.4087,108.3922624,1413683.971,10957.63643,1202853.562,10958.17252,3.8,0.04,14.9,0.1,,,,,,,,,,,,,,,,,,,849943.8901,0,1036490152,0,2470613.42,0,2915655787,0,609004.6322,0,775238865.1,0,240939.2579,0,261251286.9,0,849943.8901,0,1036490152,0,0,0,0,0,3320557.31,0,3952145939,0,25.59642285,0,26.22600906,0,71.65233368,0,74.79461948,0,100,0,100,0,199.0844275,1.132591467,44.47600525,0.617065004,,,199.0844275,1.132591467,50.30008792,0.639172134,,,,,4.476220973,0.067121776,,,,,4.031410342,0.002072631,2.053960264,0.01871188,4.031410342,0.002072631,,,,,1.962749919,1.79E-02,4916.227021,2.52753373,4916.227021,2.52753373,,,2423.949082,22.08253195,2.028189065,1.85E-02,,,1219.480679,0,1180.13436,0,1272.960539,0,1084.303526,0,1219.480679,0,0,0,1.033340542,0,1.173989117,0,,0
1976,1194,7,31676,295,30482,296,242925.869,108.207108,242925.869,108.207108,1604759.857,11227.32338,1361833.988,11227.84481,3.8,0.04,15.1,0.1,,,,,,,,,,,,,,,,,,,951552.6437,0,1651213521,0,2403381.904,0,3421225082,0,643280.9383,0,1158915944,0,308271.7054,0,492297577,0,951552.6437,0,1651213521,0,0,0,0,0,3354934.548,0,5072438603,0,28.36277817,0,32.55265663,0,67.60329474,0,70.18571065,0,100,0,100,0,203.4555017,1.196225528,44.67666124,0.569116413,,,203.4555017,1.196225528,50.6616952,0.590117436,,,,,4.55395493,0.063891841,,,,,3.917049459,0.001744782,1.76481269,0.014550263,3.917049459,0.001744782,,,,,2.219527024,1.83E-02,6797.190961,3.027690626,6797.190961,3.027690626,,,2512.218899,20.71236595,2.705652347,2.23E-02,,,1735.283415,0,1423.504553,0,1801.570473,0,1596.959982,0,1735.283415,0,0,0,1.219022034,0,1.128124996,0,,0
1977,1360,7,34371,293,33011,294,278618.0054,108.0287769,278618.0054,108.0287769,1778797.322,11118.37457,1500179.317,11118.89937,4,0.04,15.7,0.1,,,,,,,,,,,,,,,,,,,930186.4975,0,1369188494,0,2505388.068,0,3185831064,0,635932.8614,0,1034124864,0,294253.6361,0,335063630,0,930186.4975,0,1369188494,0,0,0,0,0,3435574.565,0,4555019558,0,27.07513634,0,30.05889385,0,68.36616776,0,75.52830516,0,100,0,100,0,204.8661804,1.057445912,45.44483103,0.526557376,,,204.8661804,1.057445912,51.75285334,0.547059855,,,,,4.508019411,0.057181709,,,,,3.338572811,0.001294467,1.670059065,0.012377999,3.338572811,0.001294467,,,,,1.999074692,1.48E-02,4914.213968,1.905392021,4914.213968,1.905392021,,,2123.633507,15.73976324,2.314059348,1.72E-02,,,1471.950515,0,1271.591856,0,1626.154154,0,1138.689854,0,1471.950515,0,0,0,1.157565226,0,1.428092248,0,,0
1978,1489,0,38018,293,36529,293,300302.694,0,300302.694,0,1902448.495,10507.97465,1602145.801,10507.97465,3.9,0.03,15.8,0.1,,,,,,,,,,,,,,,,,,,837515.1313,0,1160486493,0,2339366.403,0,2788276560,0,633685.1248,0,940073217.6,0,203830.0065,0,220413275.4,0,837515.1313,0,1160486493,0,0,0,0,0,3176881.534,0,3948763053,0,26.36280649,0,29.38860796,0,75.66252849,0,81.00682113,0,100,0,100,0,201.6807884,0,43.85955819,0.454435023,,,201.6807884,0,50.04073057,0.474474338,,,,,4.598331509,0.047643957,,,,,2.788903157,0,1.460145763,0.009576641,2.788903157,0,,,,,1.91001695,1.25E-02,3864.389219,0,3864.389219,0,,,1740.338837,11.41433968,2.220480941,1.46E-02,,,1385.63048,0,1191.893906,0,1483.502107,0,1081.35833,0,1385.63048,0,0,0,1.16254515,0,1.371887621,0,,0
1979,5845,763,41472,287,35627,815,367894.7983,85056.4129,367894.7983,85056.4129,2036594.655,9840.164276,1668699.857,85623.72457,14.1,1.84,18.1,4.2,,,,,,,,,,,,,,,,,,,730411.7742,0,1466208500,0,2106437.287,0,3054673340,0,598251.0987,0,1188613875,0,132160.6755,0,277594625,0,730411.7742,0,1466208500,0,0,0,0,0,2836849.061,0,4520881840,0,25.74729069,0,32.43191377,0,81.90600423,0,81.0671794,0,100,0,100,0,62.94179612,16.71134482,46.83806823,2.631362294,,,62.94179612,16.71134482,49.10770291,0.414476225,,,,,1.343817081,0.364689662,,,,,1.985382173,0.459015693,1.262322447,0.064771834,1.985382173,0.459015693,,,,,1.572801132,3.72E-01,3985.401552,921.415474,3985.401552,921.415474,,,1830.570865,93.92959127,2.177135903,5.16E-01,,,2007.372487,0,1450.161065,0,1986.814362,0,2100.432855,0,2007.372487,0,0,0,1.384241058,0,0.945907105,0,,0
1980,10202,763,48332,300,38130,1083,435486.9026,85056.4129,435486.9026,85056.4129,2329320.811,5259.309059,1893833.908,85218.8577,21.1,1.58,18.7,3.7,,,,,,,,,,,,,,,,,,,828469.5899,0,1352281995,0,2054991.838,0,2741462470,0,644051.901,0,1064951115,0,184417.6889,0,287330880,0,828469.5899,0,1352281995,0,0,0,0,0,2883461.428,0,4093744465,0,28.73177293,0,33.03288729,0,77.73995677,0,78.75214777,0,100,0,100,0,42.68642449,8.927561728,49.6678182,2.642937769,,,42.68642449,8.927561728,48.19417386,0.318321252,,,,,0.859438285,0.18547206,,,,,1.902398407,0.371563837,1.085096127,0.048827224,1.902398407,0.371563837,,,,,1.75320726,3.51E-01,3105.21852,606.490682,3105.21852,606.490682,,,1447.572809,65.13797261,2.145120784,4.30E-01,,,1632.265096,0,1334.050296,0,1653.51754,0,1558.044034,0,1632.265096,0,0,0,1.223540897,0,1.061277797,0,,0
1981,14107,1040,59247,342,45139,1698,837851.0952,83193.81673,837851.0952,83193.81673,2482108.863,5263.172521,1644257.768,83360.13512,23.8,1.76,33.8,3.4,,,,,,,,,,,,,,,,,,,852656.7338,0,999951483.7,0,2041053.742,0,2040337328,0,702556.0141,0,838118516.5,0,150100.7197,0,161832967.2,0,852656.7338,0,999951483.7,0,0,0,0,0,2893710.476,0,3040288812,0,29.46586194,0,32.89001623,0,82.39611396,0,83.81591809,0,100,0,100,0,59.39257781,7.345093667,36.42654396,2.299582313,,,59.39257781,7.345093667,41.89425394,0.25763227,,,,,1.630475234,0.226393317,,,,,1.017670966,0.1010489,1.241322244,0.062932219,1.017670966,0.1010489,,,,,0.819828188,9.14E-02,1193.471596,118.5048964,1193.471596,118.5048964,,,1240.886537,62.91012968,0.961789463,1.07E-01,,,1172.748005,0,999.648998,0,1192.956148,0,1078.1625,0,1172.748005,0,0,0,1.173159787,0,1.106471565,0,,0
1982,18045,1664,77780,446,59735,1403,1212141.679,110126.2042,1212141.679,110126.2042,2727372.122,5926.984964,1515230.443,110285.5838,23.2,2.14,44.4,4,,,,,,,,,,,,,,,,,,,965750.004,0,904826850.3,0,2292991.371,0,2050076278,0,864970.152,0,828069301.8,0,100779.852,0,76757548.5,0,965750.004,0,904826850.3,0,0,0,0,0,3258741.375,0,2954903128,0,29.63567503,0,30.62120182,0,89.56460248,0,91.51687989,0,100,0,100,0,67.17327121,8.695656427,25.36587332,1.93999254,,,67.17327121,8.695656427,35.06521113,0.215023605,,,,,2.648174985,0.398168333,,,,,0.7967303,0.072385007,1.513295474,0.110144748,0.7967303,0.072385007,,,,,0.526486938,6.13E-02,746.4695472,67.81868754,746.4695472,67.81868754,,,1352.979864,98.47622506,0.551722585,6.42E-02,,,936.9162273,0,894.0619245,0,957.3385855,0,761.6358526,0,936.9162273,0,0,0,1.047932142,0,1.256950526,0,,0
1983,21155,1331,93077,580,71923,1981,1444299.333,108777.5046,1444299.333,108777.5046,2893459.528,7086.36611,1449160.195,109008.0827,22.7,1.44,49.9,3.8,,,,,,,,,,,,,,,,,,,998966.9334,0,1830078066,0,2310275.217,0,2945445851,0,885221.692,0,1633725707,0,113745.2414,0,196352359,0,998966.9334,0,1830078066,0,0,0,0,0,3309242.15,0,4775523917,0,30.18718148,0,38.32203749,0,88.61371307,0,89.27082059,0,100,0,100,0,68.27224453,6.700027513,20.14877292,1.614030924,,,68.27224453,6.700027513,31.08672957,0.208138191,,,,,3.388407065,0.429242738,,,,,0.691661978,0.05209257,1.594216585,0.11991945,0.691661978,0.05209257,,,,,0.433856971,4.62E-02,1267.104418,95.43205728,1267.104418,95.43205728,,,2032.519152,152.8892503,0.623415734,6.64E-02,,,1831.970614,0,1274.932886,0,1845.555437,0,1726.2468,0,1831.970614,0,0,0,1.436915333,0,1.069114473,0,,0
1984,28146,1894,109585,787,81438,2154,2024568.428,146152.4794,2024568.428,146152.4794,3048902.435,8873.764373,1024334.007,146421.6204,25.7,1.74,66.4,4.8,,,,,,,,,,,,,,,,,,,1118333.087,0,1359806798,0,2596499.488,0,2168288158,0,992589.0077,0,1211516747,0,125744.0793,0,148290051,0,1118333.087,0,1359806798,0,0,0,0,0,3714832.575,0,3528094956,0,30.10453538,0,38.54223922,0,88.75611562,0,89.09477058,0,100,0,100,0,71.93094678,7.09879615,12.57808403,1.82847228,,,71.93094678,7.09879615,27.82226067,0.215594399,,,,,5.718752286,1.004807332,,,,,0.552380977,0.039876078,2.534817228,0.362334984,0.552380977,0.039876078,,,,,0.217917478,3.49E-02,671.6526738,48.48623648,671.6526738,48.48623648,,,2116.778456,302.579168,0.317299466,5.08E-02,,,1215.922889,0,835.0812962,0,1220.562325,0,1179.300463,0,1215.922889,0,0,0,1.456053314,0,1.034988421,0,,0
1985,32904,2005,129958,1098,97054,2516,2471284.661,162854.7059,2465992.661,162854.7059,3440043.042,12014.64964,968758.3814,163297.2965,25.3,1.56,71.8,4.7,12,0,12,0,0,0,32892,2005,5292,0,5292,0,0,0,100,0,100,0,1442237.174,0,1751810256,0,2842830.221,0,2452369538,0,1077973.079,0,1461196993,0,364264.095,0,290613263,0,1151781.58,0,1524585781,0,290455.594,0,227224475,0,4285067.395,0,4204179794,0,33.657281,0,41.66830016,0,74.7431212,0,83.41068834,0,79.86076082,0,87.02916174,0,75.10590387,6.741024668,9.981643017,1.702322029,441,0,74.9724146,6.737962258,26.47042154,0.242000747,441,0,,,7.52440292,1.450110718,5.882163491,0.015278826,,,0.583598157,0.038458421,2.934509033,0.494651092,0.467066102,0.03084515,54.88578874,0,117.5118222,7.760506973,0.198874207,3.60E-02,618.2442491,40.82898824,708.8662361,46.71343784,42937.35355,0,2531.456331,426.7111212,0.280023095,5.07E-02,69.4504698,4.586524531,1214.647832,0,862.6507204,0,1355.50416,0,797.8092461,0,1323.676127,0,782.3036626,0,1.408041288,0,1.699032904,0,1.692023431,0
1986,35968,2264,161165,1594,125197,2988,2948445.859,185113.4525,2932560.27,185114.3254,3991314.465,16523.61647,1042868.606,185849.4558,22.3,1.42,73.9,4.6,23,0,21,0,2,0,35947,2264,20133.9,0,15885.5889,568.4870798,4248.3111,568.4870798,91.3043478,0,78.8997109,2.8235319,1837871.41,0,1924946917,0,2861730.654,0,2138778627,0,1219443.107,0,1406975060,0,618428.303,0,517971857,0,1419273.644,0,1592424895,0,418597.766,0,332522022,0,4699602.064,0,4063725544,0,39.1069581,0,47.3690188,0,66.35083937,0,73.09162905,0,77.22377291,0,82.72565238,0,81.97413976,7.287776745,8.32982105,1.497709106,756.4566143,27.07081332,81.58011156,7.274502062,24.76539239,0.265533527,875.3869565,0,2124.15555,284.2435399,9.841044516,1.97391244,9.272561655,0.890936304,0.356121102,0.049328974,0.623335648,0.039135131,2.744095121,0.489024775,0.483970835,0.030550075,26.35078678,0.942998206,54.44705517,3.950799004,0.227155263,4.29E-02,543.0152319,34.27718071,652.8683276,40.98929264,20932.30689,749.0906439,2050.861072,365.4836399,0.318338642,6.01E-02,38.54828679,2.797149131,1047.378455,0,747.3724419,0,1153.784914,0,837.5616939,0,1121.999906,0,794.3712294,0,1.401414336,0,1.377552152,0,1.412437742,0
1987,41211,2527,192532,2193,151321,3383,3563022.783,208968.6473,3536668.662,208973.0521,4617327.571,22216.4073,1054304.788,210146.2926,21.4,1.33,77.2,4.5,58,0,50,0,8,0,41161,2527,42691.325,0,26354.1215,1356.820089,16337.2035,1356.820089,86.2068966,0,61.7317956,3.1782103,2182117.763,0,2000422005,0,3446351.968,0,2561853525,0,1376551.088,0,1525187312,0,805566.675,0,475234693,0,1636719.661,0,1688724275,0,545398.102,0,311697730,0,5628469.731,0,4562275530,0,38.76929019,0,43.84702309,0,63.08326303,0,76.24327808,0,75.00601887,0,84.41840126,0,86.45805205,7.336058122,6.96733955,1.397453252,527.08243,27.13640178,85.92280706,7.321332094,23.98213061,0.296535991,736.0573276,0,2042.150438,169.6025111,12.40904816,2.702462566,6.13437163,0.610703295,0.258101666,0.025220215,0.612434412,0.035918825,3.268838392,0.651551882,0.462785694,0.027344868,20.69498321,1.065464048,44.71828642,3.504600736,0.187355366,3.89E-02,477.4901005,28.21371556,561.4395772,32.92801538,11827.28591,608.9180065,2429.898407,484.3325644,0.231054753,4.80E-02,24.76969868,1.941217144,916.7342106,0,743.3522602,0,1107.977267,0,589.9383723,0,1031.773684,0,571.5049775,0,1.233243322,0,1.878123748,0,1.805362552,0
1988,41590,2575,213349,2747,171759,3881,4128961.728,227101.7267,4100296.728,227101.7267,5350800.606,29305.25731,1221838.878,228984.699,19.5,1.23,77.2,4.3,80,0,65,0,15,0,41525,2575,57535.9749,0,28665,0,28870.9749,0,81.25,0,49.8210034,0,2397947.341,0,2504493508,0,3506068.668,0,2624477522,0,1579579.006,0,1981810844,0,818368.335,0,522682664,0,1811480.442,0,2157412161,0,586466.899,0,347081347,0,5904016.009,0,5128971030,0,40.61552911,0,48.83033055,0,65.87213068,0,79.13020488,0,75.54296173,0,86.14165515,0,99.27775254,8.22183378,7.113681833,1.342829343,441,0,98.74284715,8.209935184,25.08003603,0.350920555,719.1996863,0,1924.73166,0,13.95588879,2.876795857,4.466146285,0.018616633,0.229122848,0,0.580762792,0.031943196,2.869501643,0.537773009,0.441792524,0.024469411,20.45933714,0,46.30983099,2.564946705,0.202391517,3.95E-02,526.1600084,29.14224369,606.5673825,33.36250346,12108.19281,0,2147.973492,402.5514923,0.282390534,5.52E-02,23.01237764,1.274578657,1044.432238,0,748.552801,0,1254.644963,0,638.6887684,0,1190.966301,0,591.817454,0,1.395268626,0,1.964407432,0,2.012387929,0
1989,44446,2742,229523,3279,185076,4329,4706526.971,242441.1876,4670203.331,242455.1461,6064270.253,37058.59125,1357743.282,245257.148,19.4,1.23,77.6,4,114,0,85,0,29,0,44361,2742,73738.5445,0,36323.63963,2601.623438,37414.90487,2601.623438,74.5614035,0,49.2600442,3.528173,2972223.924,0,3257733260,0,3577971.662,0,2914460017,0,1632693.298,0,2442127829,0,1339530.626,0,815605431,0,2097919.962,0,2728779657,0,874303.962,0,528953603,0,6550195.586,0,6172193277,0,45.37610954,0,52.78080439,0,54.93170568,0,74.9640205,0,70.58418261,0,83.76313956,0,105.8931506,8.510714564,7.33613911,1.336233593,427.3369368,30.60733456,105.277233,8.498036282,26.42118765,0.410539748,646.8293377,0,1290.169133,89.71115303,14.43445237,2.87372118,4.059158135,0.438045461,0.331225516,0.033064452,0.631511079,0.032530207,2.635234296,0.476017857,0.449213838,0.023321085,24.06983361,1.723963895,53.58212855,4.739858348,0.23964134,4.50E-02,584.2956856,30.33390321,692.1735029,35.65503122,14562.24124,1042.997577,2146.547183,387.7434321,0.322459021,6.06E-02,24.92272594,2.204656549,1096.059161,0,814.556484,0,1495.766432,0,608.8740453,0,1300.707227,0,604.9996637,0,1.345590125,0,2.456610597,0,2.149930496,0
1990,47166,2826,239192,3726,192027,4787,5266280.202,253912.1477,5206624.13,253935.2951,6538262.607,43758.90958,1271982.405,257655.2366,19.7,1.22,80.5,3.9,175,0,120,0,55,0,47046,2826,110306.1811,0,59656.07181,3428.610216,50650.10929,3428.610216,68.5714286,0,54.0822565,3.1082666,3389710.681,0,2204321924,0,3690540.612,0,2013704386,0,1874318.317,0,1675243929,0,1515392.364,0,529077995,0,2358216.734,0,1855795119,0,1031493.947,0,348526805,0,7080251.293,0,4218026310,0,47.87557024,0,52.25955843,0,55.29434496,0,75.99815212,0,69.56985289,0,84.18893351,0,111.6541619,8.586916324,6.623976863,1.351888411,497.1339318,28.5717518,110.6709206,8.563195071,27.33478798,0.463443228,630.3210349,0,920.911078,62.33836756,16.85606158,3.67629806,4.492001414,0.432961732,0.539828376,0.0479365,0.643663184,0.031034031,2.90140854,0.587714972,0.452926248,0.02208993,17.29067831,0.993746227,38.17548303,2.877582414,0.221845071,4.62E-02,356.4296313,17.38363695,418.5728521,20.18136669,5842.268765,335.7723995,1583.122831,320.6804481,0.264396953,5.51E-02,16.39108607,1.235523359,650.297955,0,545.6394056,0,893.7883783,0,349.135978,0,786.9484989,0,337.8854583,0,1.191809001,0,2.560000787,0,2.329039264,0
1991,50448,3004,237437,3967,186989,5042,5767113.205,260381.0317,5684671.018,260413.5591,6965545.263,50171.43662,1198432.058,265170.6144,21.2,1.31,82.8,3.8,258,0,194,24,64,24,50254,3004.095871,132049,0,82442.18675,4115.837274,49606.81325,4115.837274,75.1937984,9.3023256,62.4330262,3.1169015,3916099.248,0,1850128862,0,3625294.725,0,1334647696,0,2047007.91,0,1350104219,0,1869091.338,0,500024643,0,2621207.098,0,1522339060,0,1294892.15,0,327789802,0,7541393.973,0,3184776558,0,51.9280555,0,58.09289375,0,52.27160448,0,72.97352345,0,66.93413348,0,82.28286641,0,114.317975,8.542727014,6.409104589,1.428599301,424.9597255,56.69175159,113.118777,8.519259563,29.3363935,0.533748168,511.8178295,0,775.106457,297.6942511,17.83680909,4.193332416,3.756756719,0.575518314,0.548259819,0.222910455,0.679039774,0.03065816,3.025031499,0.669332446,0.461100931,0.021122935,15.70666913,0.78413852,34.06340799,2.308015066,0.224473621,5.07E-02,267.7972138,12.26773288,320.8067531,14.48419519,3975.995967,198.4973112,1113.661544,246.4138988,0.288064857,6.51E-02,14.84704008,1.005982496,472.4417705,0,368.148743,0,659.5500742,0,267.5228507,0,580.7778642,0,253.1406202,0,1.283290462,0,2.465397152,0,2.294289489,0
1992,52538,3111,238517,4207,185979,5303,6210341.931,262289.6984,5988434.581,262289.6984,7515915.901,57294.26633,1305573.97,268474.4286,22,1.36,82.6,3.5,432,0,241,0,191,0,52297,3111,308725,0,221907.35,0,86817.65,0,55.787037,0,71.878646,0,4381690.046,0,3374427465,0,4133394.279,0,2511689327,0,2387032.603,0,2321032559,0,1994657.443,0,1053394906,0,2953846.746,0,2778063346,0,1427843.3,0,596364119,0,8515084.325,0,5886116792,0,51.45797597,0,57.32858494,0,54.47744085,0,68.78300343,0,67.41341161,0,82.32695397,0,118.2066681,8.597510619,7.020007474,1.457385647,920.7773859,0,114.5081856,8.458975929,31.51102815,0.60548386,714.6412037,0,454.5426702,0,16.83853878,3.704085453,8.041149033,0.009186776,2.025722658,0,0.70554731,0.029798326,3.165959474,0.651038685,0.493258581,0.021604418,6.434411929,0,13.04470347,0.571349873,0.222854183,4.68E-02,463.9047665,20.31873934,543.3561473,22.94828877,2687.446446,0,1923.820009,395.6087434,0.282436062,5.93E-02,5.793099445,0.253734141,770.1200746,0,607.6578128,0,972.3505896,0,528.108177,0,940.4900067,0,417.6677644,0,1.267358139,0,1.841195861,0,2.251765846,0
1993,55064,3229,245857,4508,190793,5658,6571833.299,259250.6399,6297542.065,259707.3676,7772916.386,61687.40338,1201083.087,266488.7053,22.4,1.38,84.5,3.4,828,0,267,27,561,27,54797,3229.112881,353024,0,274291.2339,15395.5353,78732.7661,15395.5353,32.2463768,3.2608696,77.6976166,4.3610449,5069770.913,0,4425661604,0,4436888.615,0,2833704795,0,2553286.114,0,2814905822,0,2516484.799,0,1610755782,0,3401813.345,0,3655853001,0,1667957.568,0,769808603,0,9506659.528,0,7259366399,0,53.32862609,0,60.9648468,0,50.3629485,0,63.60418111,0,67.09994206,0,82.60579611,0,119.3489993,8.434989187,6.295215689,1.409163358,1027.307992,118.8146505,114.9249423,8.266035771,31.61559925,0.631669127,426.3574879,0,140.3436116,28.26203806,18.9586831,4.450338604,8.938947207,1.217459067,7.319948378,1.699887729,0.771439366,0.030432322,3.69407301,0.819617514,0.540181123,0.022276789,6.080972929,0.341315441,11.25728514,0.784067691,0.208831651,4.71E-02,580.5206163,23.94036904,673.4287683,26.5659263,2806.537387,157.5265268,2359.291231,523.4645899,0.285436897,6.43E-02,4.834518032,0.336723228,872.9510031,0,638.6693561,0,1102.463922,0,640.0816658,0,1074.677718,0,461.5276898,0,1.366827756,0,1.722380097,0,2.328522733,0
1994,59380,3419,252432,4737,193051,6166,6885008.112,252230.7579,6497148.694,253282.8031,7967108.2,64736.07034,1082100.088,260405.6721,23.5,1.42,86.4,3.2,914,0,305,29,609,29,59075,3419.122987,474244,0,387859.4178,23061.29072,86384.5822,23061.29072,33.3698031,3.1728665,81.7847812,4.862748,5681309.961,0,4265757912,0,5206141.309,0,2663872576,0,3157491.187,0,2819679771,0,2523818.774,0,1446078141,0,4066338.241,0,3666095196,0,1614971.72,0,599662716,0,10887451.27,0,6929630488,0,52.18218498,0,61.55823055,0,55.57681606,0,66.1003233,0,71.57395511,0,85.94241098,0,115.9482673,7.912879966,5.605255026,1.360724667,1271.670222,142.6075818,109.9813575,7.674738156,31.56140347,0.64540137,518.8665208,0,141.8466046,38.46518028,20.68563638,5.216275083,11.56259798,1.527198571,8.965108651,2.630788489,0.825171135,0.030229963,4.811145814,1.157794619,0.625865042,0.024398526,4.1638069,0.247571045,6.652883001,0.473008509,0.171512394,4.17E-02,564.2621662,21.99701898,619.5719515,22.69788217,1546.082649,91.92676471,2461.761722,592.4190589,0.251678278,6.13E-02,2.740007644,0.194809819,750.8405528,0,511.6788842,0,893.0127129,0,572.9722577,0,901.57163,0,371.3146853,0,1.467405781,0,1.558561869,0,2.428052716,0
1995,69348,3947,266297,5030,196949,6382,7317000.809,244279.6877,6799333.46,246416.3821,9360955.631,76519.02979,2043954.822,255983.8428,26,1.56,78.2,2.7,1250,0,344,31,906,31,69004,3947.121736,618131,0,517667.3495,32380.04834,100463.6505,32380.04834,27.52,2.48,83.747191,5.2383796,6883199.07,0,5880977732,0,5506017.8,0,3517214685,0,3621302.134,0,3842866096,0,3261896.936,0,2038111636,0,4774016.279,0,4929736751,0,2109182.791,0,951240981,0,12389216.87,0,9398192417,0,55.55798355,0,62.57562594,0,52.61074243,0,65.34400012,0,69.35752156,0,83.82512187,0,105.5113458,6.962139069,10.3780919,1.342548424,1504.846946,165.077221,98.53535244,6.672395212,35.15231351,0.723489934,494.5048,0,110.8870315,35.94039869,10.16673843,1.476417474,15.27215267,1.968796589,13.57099136,4.643687498,0.940713176,0.031405917,2.693806018,0.33737087,0.702130041,0.025446074,4.074397957,0.254853243,5.802910744,0.41949548,0.349213407,4.53E-02,725.032355,26.27608292,803.7415719,26.83308986,1837.552594,114.9387573,1720.788859,215.510705,0.467077392,6.05E-02,2.534442196,0.183216164,854.395997,0,638.7946448,0,1061.183506,0,624.8240444,0,1032.618337,0,450.999783,0,1.337512773,0,1.698371751,0,2.289620474,0
1996,68167,3927,272006,5081,203839,6549,7840354.982,233579.3873,7261990.607,236690.8727,10286220.39,82975.1628,2445865.408,247879.4219,25.1,1.52,76.2,2.4,1325,0,383,33,942,33,67784,3927.138653,689279,0,578364.3751,38252.30757,110914.6249,38252.30757,28.9056604,2.490566,83.9086023,5.5496116,7693244.988,0,6829147438,0,6206345.582,0,4306672854,0,4178029.456,0,4597847993,0,3515215.532,0,2231299445,0,4708098.36,0,4894282027,0,2985146.628,0,1934865411,0,13899590.57,0,11135820292,0,55.34871656,0,61.32594869,0,54.30776561,0,67.32682278,0,61.19782182,0,71.66754081,0,115.0168701,7.459534637,11.99900612,1.27569814,1510.089752,164.0252667,107.1342884,7.121730607,37.81615255,0.769447724,520.210566,0,117.7437632,40.81649849,9.585533083,1.193758844,14.09529829,1.794985492,12.82522073,4.659070965,0.98123682,0.029232949,2.537484508,0.257164679,0.648320635,0.021130787,5.161359787,0.341365981,7.961122183,0.587002409,0.386696674,4.08E-02,673.9587383,21.96641259,871.0252857,25.94953328,3345.409044,221.2612346,1760.797156,178.4502858,0.494676677,5.23E-02,4.963818782,0.366000359,887.6810044,0,693.9144456,0,1100.482426,0,634.7546615,0,1039.545407,0,648.1642787,0,1.279236958,0,1.733713028,0,1.603830142,0
1997,71962,4133,273522,4949,201560,6401,7981249.949,211784.9064,7195093.959,218927.2297,10730255.97,83552.70373,2749006.021,227670.5974,26.3,1.58,74.4,2.1,1261,0,500,0,761,0,71462,4133,951846,0,786155.9899,55464.27075,165690.0101,55464.27075,39.6510706,0,82.5927713,5.8270215,7301091.787,0,6297161045,0,6792558.543,0,4424727547,0,4069100.893,0,4318972598,0,3231990.894,0,1978188447,0,4347178.702,0,4432895492,0,2953913.085,0,1864265553,0,14093650.33,0,10721888592,0,51.80412183,0,58.73182687,0,55.73277274,0,68.58602737,0,59.54148816,0,70.39514251,0,110.9092292,7.016866983,13.63864865,1.209737576,1572.31198,110.9285415,100.6841952,6.579771585,39.2299558,0.772750993,754.8342585,0,217.7266887,72.8834044,8.13198082,0.885984251,15.616274,1.501777008,7.221494018,2.470481221,0.914780496,0.02427398,2.470914393,0.204639259,0.604186509,0.01838376,3.757413443,0.265090134,6.218962831,0.477821007,0.370219421,3.22E-02,616.0997365,18.746247,788.9943411,20.93620595,2371.368503,167.3029607,1609.573611,133.3036678,0.490188418,4.26E-02,3.849001002,0.295729945,862.4958059,0,651.4080842,0,1061.407105,0,612.0649816,0,1019.717798,0,631.1172669,0,1.324048361,0,1.734141205,0,1.615734272,0
1998,70516,4060,273542,4678,203026,6070,8066020.164,185570.7848,7513235.634,190204.3291,11271054.95,82491.66298,3205034.786,203079.7642,25.8,1.55,71.6,1.7,1189,0,465,36,724,36,70051,4060.159603,689916,0,552784.53,41727.33689,137131.47,41727.33689,39.1084945,3.0277544,80.1234542,6.0481764,7904124.012,0,6008153858,0,6773978.878,0,4466860140,0,4231507.668,0,3902480306,0,3672616.344,0,2105673552,0,5240991.634,0,4654931528,0,2663132.378,0,1353222330,0,14678102.89,0,10475013998,0,53.84976568,0,57.35700076,0,53.53544127,0,64.95306875,0,66.30705219,0,77.47690286,0,114.3856737,7.092139146,15.78632681,1.106024052,1188.783935,128.54185,107.2537956,6.783548182,41.20411107,0.766474226,580.2489487,0,189.4081077,58.39888121,7.24587012,0.677903404,11.08384023,1.388452299,6.276309653,2.05068215,0.97992862,0.022544715,2.113543013,0.133919862,0.697567851,0.017659559,4.817668067,0.363665131,6.906379159,0.549870468,0.46364262,3.13E-02,619.5641605,15.68482492,744.8721595,17.13689135,2448.010493,184.7898286,1393.700986,88.30870378,0.534456219,3.60E-02,3.951181572,0.314584243,760.1289971,0,659.4145362,0,922.2434679,0,573.3442742,0,888.1776299,0,508.1318305,0,1.152733152,0,1.608533493,0,1.747927559,0
1999,67038,3868,269694,4222,202656,5499,7946202.078,147549.8234,7548058.82,150943.6319,11635001.48,77358.25062,3688799.402,166599.0676,24.9,1.49,68.3,1.3,1484,0,507,38,977,38,66531,3868.186655,518251,0,398143.2582,31828.12615,120107.7418,31828.12615,34.1644205,2.5606469,76.8244071,6.14145,7676078.244,0,6018700184,0,6803656.176,0,4244858339,0,3601437.56,0,3443554633,0,4074640.684,0,2575145551,0,5041308.6,0,4612885496,0,2634769.644,0,1405814688,0,14479734.42,0,10263558523,0,53.01256239,0,58.64145628,0,46.91767652,0,57.21425769,0,65.67557599,0,76.64255329,0,118.5328035,7.184616715,18.20227085,0.959042132,785.2924225,86.05397645,113.4517566,6.975480961,43.14149176,0.733758052,349.2257412,0,122.9352526,32.92643762,6.511978888,0.522987475,6.921818102,0.869743139,6.387853816,1.848554204,0.966005919,0.017937375,1.844409369,0.08329997,0.667894716,0.013356342,6.617642242,0.529023531,9.908211708,0.816483126,0.523748109,2.56E-02,611.1353404,12.2212863,757.4310501,14.06443186,3530.926768,282.2671998,1150.742525,51.97155249,0.658210706,3.21E-02,5.777651095,0.476105554,784.0853093,0,623.9084147,0,956.1611372,0,631.993285,0,915.017481,0,533.5626555,0,1.256731422,0,1.512929267,0,1.714920397,0
2000,60698,3523,278263,3817,217565,5060,7611018.176,124298.7939,6887271.923,137807.1407,12017541.33,69262.40912,4406523.154,142293.6101,21.8,1.3,63.3,1.1,1582,0,550,39,1032,39,60148,3523.215861,991170,0,723746.2528,59503.09114,267423.7472,59503.09114,34.7661188,2.4652339,73.0193865,6.0033184,7233242.452,0,6581978995,0,6970628.598,0,5055140317,0,3436701.27,0,3910128776,0,3796541.182,0,2671850219,0,4812197.781,0,5177065939,0,2421044.671,0,1404913056,0,14203871.05,0,11637119312,0,50.92444466,0,56.56020892,0,47.51259608,0,59.40658241,0,66.52891581,0,78.65515741,0,125.3915809,7.560525463,20.2538237,0.806003916,1315.902278,142.8676743,114.5054187,7.087765302,43.1877085,0.642583046,626.5297092,0,259.131538,58.48373338,6.191007818,0.447262478,11.49205245,1.436228518,5.078124756,1.271804502,0.950364627,0.015520811,1.581888567,0.051081687,0.698708841,0.013980436,3.345156761,0.275023417,4.787626213,0.405105925,0.600778492,2.17E-02,751.6860082,15.04045443,864.7961209,14.12335542,1941.167986,159.5939117,1147.19477,37.04473564,0.753835481,2.73E-02,2.582418676,0.21851186,909.9624461,0,725.205804,0,1137.756374,0,703.7590509,0,1075.821522,0,580.2920833,0,1.254764428,0,1.616684535,0,1.853931068,0
2001,57466,3322,270996,3050,213531,4424,7329995.237,98150.2598,6684467.334,110890.3671,12126980.29,56455.86814,4796985.053,113228.7002,21.2,1.25,60.4,0.9,1711,0,594,39,1117,39,56872,3322.22892,935112,0,645527.9031,51606.20126,289584.0969,51606.20126,34.71654,2.2793688,69.0321484,5.5187187,7215930.284,0,6477359505,0,6619399.656,0,4889391168,0,3710121.978,0,4188452751,0,3505808.306,0,2288906754,0,4912436.855,0,5263968018,0,2303493.429,0,1213391487,0,13835329.94,0,11366750673,0,52.15582364,0,56.98514634,0,51.41571262,0,64.66296564,0,68.07766513,0,81.26718941,0,127.553601,7.568856896,22.46505216,0.705561252,1086.747312,112.423771,117.5352956,7.137422766,44.74966527,0.545033166,546.5295149,0,259.2516534,47.07908897,5.67786801,0.381199278,9.246135865,1.109130853,4.191862607,0.876079231,0.984438605,0.013181851,1.379908335,0.032571548,0.734903263,0.012191501,3.56838708,0.285271792,4.855587476,0.396445443,0.713408695,1.94E-02,787.4925188,13.06391821,883.6785422,11.83265141,1879.688672,150.2701765,1019.263374,24.05883397,0.866977628,2.35E-02,2.386928926,0.194886221,897.6471848,0,738.6457114,0,1128.925889,0,652.8898771,0,1071.559426,0,526.7614275,0,1.215260809,0,1.729121446,0,2.034240493,0
2002,55945,3204,266723,2208,210777,3892,6994521.44,94020.73989,6354722.309,104244.7125,12448040.4,41528.75094,5453518.96,102783.932,21,1.21,56.2,0.8,1873,0,639,40,1234,40,55306,3204.249678,981491,0,639799.1306,45022.88925,341691.8694,45022.88925,34.1163908,2.1356113,65.186449,4.5871933,7076834.682,0,6044724750,0,6663501.758,0,4903543442,0,3592946.2,0,3857987296,0,3483888.482,0,2186737454,0,4774717.403,0,4887458069,0,2302117.279,0,1157266681,0,13740336.44,0,10948268192,0,51.50408589,0,55.21169781,0,50.77052611,0,63.82403592,0,67.4696756,0,80.85493172,0,125.0249609,7.354829476,25.8734063,0.682673735,1001.250596,94.30096813,114.9011375,6.918696692,46.6702924,0.416542383,524.0208222,0,276.8977872,37.57313583,4.832180172,0.311545576,8.714018136,0.974110277,3.615957376,0.597269318,1.011768245,0.013600244,1.221871934,0.023028947,0.751365232,0.012325614,3.59818757,0.253205721,4.788866208,0.346029536,0.8280477,1.92E-02,769.1064741,12.61664623,864.2084811,11.61673769,1808.796895,127.285672,899.1521764,16.94656181,0.961137062,2.23E-02,2.351815979,0.169935378,854.1565575,0,735.8808657,0,1073.767065,0,627.6714841,0,1023.612008,0,502.696666,0,1.160726685,0,1.710715067,0,2.036241887,0
2003,43606,0,224843,0,181237,0,6554238,0,6012946.3,11974.6992,12384435,0,5830197,0,19.4,0,52.9,0,1864,12,684,40,1180,41.76122604,42922,40,872513.9217,19302.14663,541291.6997,11974.6992,331222.222,22714.89127,36.695279,2.1588867,62.0381734,1.9409183,6890705.258,0,5774149540,0,6882386.882,0,4925926575,0,3281862.131,0,3415738629,0,3608843.127,0,2358410911,0,4726788.989,0,4564374977,0,2163916.269,0,1209774563,0,13773092.14,0,10700076115,0,50.03019792,0,53.96363052,0,47.62737642,0,59.15570086,0,68.59659225,0,79.04843727,0,150.3058753,0,32.16891143,0,791.3621341,49.4791764,140.0900774,0.30802293,55.08036719,0,468.0868679,10.78478346,280.6967983,21.66207216,4.672395448,0,5.64895208,0.353413766,2.81927738,0.280016165,1.051335832,0,1.180472441,0,0.786101979,0.001565511,3.99768973,0.088438696,5.085459437,0.112957758,0.890605994,0.00E+00,759.091259,1.511719719,880.9795342,0,2234.977118,49.44317218,844.8988216,0,1.042704181,0.00E+00,2.944279876,0.065398074,837.9620552,0,715.7293915,0,1040.792846,0,653.508847,0,965.6396737,0,559.0671785,0,1.170780556,0,1.592622428,0,1.727233704,0
2004,41326,0,220342,0,179016,0,6469558,0,5927986.974,11980.87858,12338132,0,5868574,0,18.8,0,52.4,0,1863,12,731,40,1132,41.76122604,40595,40,910967.765,20152.8399,541571.0259,11980.87858,369396.7391,23445.22142,39.2377885,2.1618988,59.4500757,1.8599474,6904149.38,0,6237016784,0,6935716.3,0,5029343733,0,3374904.256,0,3586061713,0,3529245.124,0,2650955071,0,4804587.038,0,5018107870,0,2099562.342,0,1218908914,0,13839865.68,0,11266360517,0,49.88595655,0,55.35964143,0,48.88226008,0,57.49642557,0,69.58984769,0,80.45686013,0,156.5493394,0,32.78239934,0,740.8632365,43.72746125,146.0275151,0.328338773,55.99537083,0,488.9789399,11.26661181,326.3222077,23.95590185,4.775408224,0,5.073449589,0.299663933,2.270342683,0.21385768,1.067174818,0,1.181840137,0,0.810492172,0.001638062,3.87679961,0.08576431,4.783265951,0.106258245,0.902977302,0.00E+00,846.5112849,1.71085884,964.0560891,0,2250.690779,49.79079687,856.9958789,0,1.124925,0.00E+00,2.65878414,0.059063773,903.3722245,0,725.1368879,0,1062.566947,0,751.1394017,0,1044.441037,0,580.5538086,0,1.245795435,0,1.414606856,0,1.799042607,0
2005,41336,0,214560,0,173224,0,6545233,0,5987423.631,12340.11054,12363850,0,5818617,0,19.3,0,52.9,0,1981,13,779,39,1202,41.10960958,40557,39,924355.2979,20449.00495,557809.3692,12340.11054,366545.9287,23883.88854,39.323574,1.9855434,60.3457751,1.8879701,7026162.561,0,6970147832,0,6979166.459,0,5528025156,0,3288846.512,0,3982527913,0,3737316.049,0,2987619919,0,4731446.627,0,5524677328,0,2294715.934,0,1445470504,0,14005329.02,0,12498172988,0,50.16777936,0,55.76933396,0,46.80857415,0,57.13692176,0,67.3404093,0,79.26198212,0,158.3421957,0,33.59013185,0,716.0582403,39.19282785,147.6298452,0.335754377,57.62420768,0,466.6104482,10.76715294,304.9466961,22.44094349,4.713949811,0,4.850362332,0.265709466,2.348142313,0.215355159,1.073477837,0,1.19945452,0,0.79023081,0.00162867,4.113799554,0.09100733,5.20582025,0.115664211,0.894971688,0.00E+00,922.7136192,1.90171746,1064.919741,0,2591.334215,57.32666468,950.0582623,0,1.120899405,0.00E+00,2.808384055,0.062397376,992.0276924,0,792.0752698,0,1210.91936,0,799.4025338,0,1167.650777,0,629.9126104,0,1.252441189,0,1.514780488,0,1.853671061,0
2006,39196,0,211314,0,172118,0,6509344,0,5991720.683,11451.09655,12433501,0,5924157,0,18.5,0,52.4,0,1493,9,827,39,666,40.02499219,38369,39,749354.2693,16577.55323,517623.3166,11451.09655,231730.9527,20148.0243,55.3918285,2.6334451,69.0759148,2.1611001,7088471.806,0,7697778921,0,6973534.994,0,6133399192,0,3341086.271,0,4418122662,0,3747385.535,0,3279656259,0,4869470.883,0,6240245019,0,2219000.923,0,1457533902,0,14062006.8,0,13831178113,0,50.40867855,0,55.65526565,0,47.13408422,0,57.39477202,0,68.69563731,0,81.0655266,0,166.07164,0,34.41916011,0,625.9048568,32.6030824,156.1604598,0.338031252,58.83898369,0,501.9117678,11.50835869,347.9443734,36.77573754,4.824976538,0,4.008087947,0.208959564,1.798864717,0.21196553,1.08896869,0,1.177135413,0,0.812699914,0.001553194,4.28690295,0.094836801,5.274890371,0.117128148,0.925100611,0.00E+00,1041.477958,1.990424,1182.573685,0,2815.819642,62.29283255,1035.320163,0,1.142229937,0.00E+00,2.703676656,0.060034734,1085.957472,0,879.5251185,0,1322.361144,0,875.1851733,0,1281.503713,0,656.8424046,0,1.234708877,0,1.510950121,0,1.951006367,0
2007,37862,0,207680,0,169818,0,6679697,0,6163692.31,11415.28856,12604397,0,5924700,0,18.2,0,53,0,1396,9,786,0,610,9,37076,0,730270.3146,16155.36938,516004.6899,11415.28856,214265.6247,19781.42494,56.3037249,0.3629896,70.6594092,2.2106411,6881754.973,0,8040871520,0,7196552.157,0,7234173401,0,3166621.955,0,4768453791,0,3715133.018,0,3272417729,0,4670624.424,0,6660808237,0,2211130.549,0,1380063283,0,14078307.13,0,15275044921,0,48.88197785,0,52.64057528,0,46.01474431,0,59.30269846,0,67.86967049,0,82.83689424,0,176.4221911,0,34.88852772,0,656.4945164,14.52326789,166.2448028,0.307888892,60.69143394,0,523.1162712,12.05401722,351.2551225,32.84006203,5.056739354,0,3.948962646,0.087666333,1.868996278,0.179564081,1.030249572,0,1.214669461,0,0.757764046,0.001403395,4.285097776,0.094796866,5.654923584,0.12553839,0.848172778,0.00E+00,1080.652294,2.001390912,1203.777884,0,2674.516938,59.16687038,1221.01936,0,0.985879441,0.00E+00,2.474909785,0.054942597,1168.433278,0,1005.227676,0,1505.848775,0,880.8346062,0,1426.106583,0,624.1437366,0,1.162356853,0,1.709570405,0,2.284900896,0
2008,35144,0,199949,0,164805,0,6743376,0,6164577.501,12804.44154,12950657,0,6207281,0,17.6,0,52.1,0,1365,9,927,38,438,39.05124838,34217,38,671519.4373,14855.65596,578798.4992,12804.44154,92720.9381,19612.3491,67.9120879,2.8196637,86.1923672,2.6966032,6914352.765,0,8843951595,0,7254977.865,0,8529444332,0,3165127.145,0,5054760724,0,3749225.62,0,3789190871,0,4720184.373,0,7295374893,0,2194168.392,0,1548576702,0,14169330.63,0,17373395927,0,48.79801979,0,50.90514044,0,45.77618835,0,57.15500215,0,68.26646735,0,82.48999121,0,191.878443,0,37.66439732,0,624.3781005,29.08411703,180.1612503,0.424343208,64.7698013,0,491.9556317,11.35635495,211.6916395,48.59231686,5.094424886,0,3.465662563,0.161640054,2.949469814,0.690829397,1.025354773,0,1.168785152,0,0.765694709,0.001590424,3.790902007,0.083864045,4.950931441,0.110008448,0.877282511,0.00E+00,1183.434695,2.458111746,1311.502072,0,2675.502276,59.18866848,1374.103143,0,0.954442233,0.00E+00,2.260794185,0.050234276,1279.071505,0,1175.667864,0,1597.016642,0,1010.659601,0,1545.569901,0,705.7693054,0,1.087953106,0,1.580172631,0,2.189908075,0
2009,33904,0,206923,0,173019,0,6730056,0,6123319.699,13422.49419,13058326,0,6328270,0,16.4,0,51.5,0,1312,8,978,38,334,38.83297568,32926,38,680042.6677,15044.21071,606736.3007,13422.49419,73306.367,20161.63749,74.5426829,2.9317896,89.2203283,2.7913356,6866427.959,0,11150077726,0,7559585.691,0,11011781818,0,3353402.029,0,7544980351,0,3513025.93,0,3605097375,0,4952890.29,0,9794803933,0,1913537.669,0,1355273793,0,14426013.65,0,22161859544,0,47.59754237,0,50.31201332,0,48.83764963,0,67.6675135,0,72.13197778,0,87.84516282,0,198.5033034,0,36.5755784,0,620.3847655,27.73819845,185.9721709,0.460706223,63.10717513,0,518.325204,11.89421498,219.4801407,65.53633682,5.427208866,0,3.335901079,0.149381178,2.826610023,0.853429729,1.020263124,0,1.194573824,0,0.808857047,0.001773038,3.153820971,0.06977025,3.899107985,0.086680234,0.854081266,0.00E+00,1599.590486,3.50634869,1656.758536,0,2233.711402,49.41517144,1740.093551,0,0.952108888,0.00E+00,1.396427037,0.03104367,1623.854178,0,1456.664726,0,2249.948049,0,1026.208587,0,1977.593558,0,708.2556121,0,1.11477552,0,2.192486087,0,2.79220316,0
2010,32450,0,204456,0,172006,0,6568178,0,6028053.151,11948.8856,13040623,0,6472445,0,15.9,0,50.4,0,1396,9,1030,38,366,39.05124838,31420,38,734787.9007,16255.30946,540124.8488,11948.8856,194663.0519,20174.51245,73.782235,2.7633119,73.5075861,2.2997488,7016828.561,0,12332818934,0,7733859.719,0,11576965597,0,3347646.406,0,7844867245,0,3669182.155,0,4487951689,0,5012127.136,0,10544793220,0,2004701.425,0,1788025714,0,14750688.28,0,23909784531,0,47.56949932,0,51.58063603,0,47.70882425,0,63.60968475,0,71.43009256,0,85.50188952,0,202.4091834,0,37.62918154,0,524.3930571,22.5581151,191.854015,0.445492588,63.78205091,0,526.3523644,12.12858558,531.866262,79.11266124,5.379048258,0,2.733292066,0.117750755,0.98594909,0.15266525,1.0683067,0,1.194889987,0,0.831466978,0.001648145,3.71155193,0.082108626,4.463859695,0.099147139,0.89406281,0.00E+00,1749.286703,3.467458924,1877.662106,0,3310.393362,73.23401554,1788.654148,0,1.049762531,0.00E+00,1.892424699,0.042032794,1757.605851,0,1496.919522,0,2343.397807,0,1223.147693,0,2103.855895,0,891.9162184,0,1.174148526,0,1.915874771,0,2.358804394,0
2011,31534,0,201694,0,170160,0,6558348,0,5987892.827,12619.86672,13255855,0,6697507,0,15.6,0,49.5,0,1481,9,1082,38,399,39.05124838,30452,38,788715.5679,17448.32164,570455.1732,12619.86672,218260.3947,21533.80979,73.0587441,2.6039621,72.3271096,2.2628166,7119602.47,0,12585745644,0,7998300.49,0,12789114044,0,3429331.678,0,8106416540,0,3690270.792,0,4479329104,0,5133915.636,0,10874070556,0,1985686.834,0,1711675088,0,15117902.96,0,25374859688,0,47.09384952,0,49.59927187,0,48.16746009,0,64.40950556,0,72.10958277,0,86.3998913,0,207.9770407,0,39.36005524,0,527.2228957,21.88341904,196.6338115,0.481612118,65.72260454,0,532.5560891,12.21786822,547.0185331,76.02002473,5.283962114,0,2.681242314,0.111483806,0.963811761,0.13978901,1.085578635,0,1.19422055,0,0.857382686,0.001806989,3.480881456,0.07700563,4.059892406,0.090221431,0.909026926,0.00E+00,1816.00955,3.827356157,1919.042058,0,3000.542669,66.37935871,1909.533509,0,1.004979514,0.00E+00,1.652272517,0.036717818,1767.759604,0,1598.978941,0,2363.847333,0,1213.82125,0,2118.085167,0,862.0065655,0,1.105555276,0,1.947442701,0,2.457156652,0
2012,36627,0,194240,0,157613,0,6696703,0,6130229.895,12531.77361,13270770,0,6574067,0,18.9,0,50.5,0,1674,11,1135,39,539,40.52159918,35492,39,951761.3019,21055.29293,566473.1054,12531.77361,385288.1965,24502.46335,67.8016726,2.3719672,59.5184007,1.862085,6862201.022,0,12588193618,0,8687598.278,0,13997577875,0,3424334.831,0,8207589088,0,3437866.191,0,4380604530,0,5110043.716,0,11023726407,0,1752157.306,0,1564467211,0,15549799.3,0,26585771493,0,44.13047969,0,47.34936363,0,49.90140656,0,65.20068992,0,74.46654069,0,87.5719483,0,182.8351489,0,41.71018254,0,499.095247,20.39643706,172.7214554,0.400864124,68.32150947,0,568.5551385,13.12096704,714.8204017,70.38806769,4.383465566,0,2.889596118,0.118278891,0.698210692,0.074438417,1.024713358,0,1.321495245,0,0.83358109,0.001704055,3.093098841,0.068426928,3.710615415,0.082437636,0.775419634,0.00E+00,1798.256606,3.676101071,1879.759879,0,2761.767851,61.09707441,2129.21132,0,0.882843267,0.00E+00,1.535802978,0.034120477,1834.425074,0,1611.213759,0,2396.841867,0,1274.221941,0,2157.266556,0,892.8805682,0,1.138536128,0,1.881023855,0,2.416075153,0
2013,31600,0,196803,0,165203,0,6670275,0,5938409.858,16190.65088,13614004,0,6943729,0,16.1,0,49,0,2015,13,1189,40,826,42.05948169,30411,40,1355629.388,29989.84494,731865.1424,16190.65088,623764.2456,34081.1968,59.0074442,2.0212856,53.987111,1.6890338,7159223.957,0,12820155597,0,8863455.213,0,15127079166,0,3406595.126,0,8211361919,0,3752628.831,0,4608793678,0,5138419.287,0,11130459692,0,2020804.67,0,1689695905,0,16022679.17,0,27947234763,0,44.68181558,0,45.87271587,0,47.58330158,0,64.05040763,0,71.77341173,0,86.8200047,0,211.0846519,0,42.03149459,0,615.5299768,24.78353225,195.271772,0.591111328,69.17579508,0,672.768927,15.50329035,755.1625249,56.40056804,5.022059148,0,3.152170795,0.127276341,0.815096031,0.069159663,1.073302668,0,1.276469058,0,0.86528539,0.002359139,2.761170813,0.061083866,3.191052162,0.071127991,0.8408372,0.00E+00,1874.316519,5.11019029,1921.983066,0,2308.753085,51.07527739,2178.52384,0,0.882241007,0.00E+00,1.231783992,0.027456249,1790.718613,0,1706.679709,0,2410.430831,0,1228.150687,0,2166.125236,0,836.1500397,0,1.049241169,0,1.96265072,0,2.590593953,0
2014,31029,0,191944,0,160915,0,6650273,0,5773408.466,19398.39284,14087583,0,7437310,0,16.2,0,47.2,0,2296,15,1242,42,1054,44.59820624,29787,42,1734063.045,38361.72504,876864.5339,19398.39284,857198.5111,42987.43529,54.0940767,1.863093,50.5670504,1.5820342,9986901.174,0,16094839587,0,6474900.456,0,9745550849,0,4043238.025,0,9306696317,0,5943663.149,0,6788143270,0,6461908.531,0,13024309453,0,3524992.643,0,3070530134,0,16461801.63,0,25840390436,0,60.66712137,0,62.28558979,0,40.48541139,0,57.82410111,0,64.70383974,0,80.92226942,0,214.3244384,0,46.21887332,0,706.0100917,28.52973986,193.8230928,0.706256592,73.39423478,0,755.2539395,17.42140605,813.2813198,53.36335135,4.637162765,0,3.642548891,0.147791944,0.868100711,0.066895962,1.501728,0,0.870597092,0,1.119253656,0.003760642,4.019996826,0.088932184,3.591676298,0.080367892,1.724940291,0.00E+00,2255.913388,7.579767545,2420.177275,0,3501.715505,77.46653029,1310.359639,0,1.846956517,0.00E+00,1.552238452,0.034733122,1611.594959,0,1505.127517,0,2301.792835,0,1142.080751,0,2015.551503,0,871.0741965,0,1.070736493,0,2.015437905,0,2.313868912,0
2015,30805,0,187211,0,156406,0,6804001,0,5748511.473,23350.01554,14417390,0,7613389,0,16.5,0,47.2,0,2345,15,1297,45,1048,47.4341649,29508,45,1846253.618,40843.65552,1055489.527,23350.01554,790764.091,47047.07666,55.3091684,1.9513171,57.1692598,1.7885901,12368936.27,1342224.798,20622201290,1880449353,6910572.889,846990.1364,9745550849,2544548925,4747012.92,550688.7296,10027901785,1147121118,7621923.353,1450801.67,10594299505,2202720279,6963230.525,555917.2014,16203909264,1569509493,5405705.748,1452794.323,4708770791,1890412187,17992008.95,1364597.939,25840390436,3520342759,68.74683259,9.101646715,79.80607468,13.08297907,38.37850576,6.096434633,48.62672827,7.113571987,56.29611449,7.5842126,78.5750708,10.45275078,220.8732673,0,48.67709039,0,813.7930046,33.48614506,194.8119653,0.845243319,77.01144698,0,787.3149757,18.13080904,754.5458884,56.40629724,4.53751992,0,4.177325573,0.17284247,1.078520229,0.092032165,1.817891601,0.19726993,0.907686825,0.11125008,1.21131019,0.096831373,5.121515287,0.113300472,4.228079091,0.350693755,2.002774031,3.28E-01,2818.800891,273.2688262,3030.893336,276.3740559,4461.219814,1793.745983,1280.054237,334.2202697,2.367785089,6.55E-01,1.582665816,0.654586517,1667.257461,236.3186891,1410.237763,406.7612403,2112.465661,344.1664005,1389.977177,391.8169246,2327.067761,292.0970582,817.3386107,259.78967,1.182252742,0.379952139,1.519784422,0.494815108,2.847128143,0.972964865
2016,29361,0,179688,0,150327,0,6591522,0,5530139.791,23480.37611,14308795,0,7717273,0,16.3,0,46.1,0,2400,15,1351,48,1049,50.28916384,28010,48,2058178.657,45531.95686,1061382.209,23480.37611,996796.448,51229.74876,56.2916667,2.0307091,51.5690028,1.6133811,12546660.47,1487385.034,21387906147,2205600380,6997707.376,927831.2074,9745550849,2787413690,4828336.876,625532.8636,10172142879,1256608226,7718323.594,1613569.213,11215763268,2538451746,7063494.924,608976.7826,16818822379,1806640855,5483165.547,1607223.37,4776244023,2096417706,18259537.63,1671450.344,25840390436,3856342279,68.71291443,10.29157721,82.769284,15.01439885,38.48304405,6.757919315,47.56025582,7.653391933,56.29780881,8.252318215,78.63706836,11.70955437,224.4992337,0,51.33657294,0,785.6270977,32.88137615,197.4344802,0.903988563,79.6313332,0,857.5744404,19.7142421,950.2349361,66.78493391,4.373085714,0,3.979178798,0.167536841,0.826771431,0.067630541,1.903454236,0.225651228,0.906759081,0.120227859,1.2772724,0.110253059,5.166061293,1.393085202,4.044604183,1.145187688,2.099184089,3.73E-01,3041.301489,326.9450136,3244.759882,334.6116997,4500.02269,1977.684153,1262.823131,361.1915361,2.5694492,7.81E-01,1.479637157,0.669447195,1704.669238,267.8457763,1392.677677,439.0519485,2106.759147,377.1339489,1453.134626,447.720178,2381.090743,327.9648911,833.2930548,284.5853249,1.224022807,0.431153979,1.449803143,0.51661571,2.857447004,1.0522496
2017,27036,0,166349,0,139313,0,6255340,0,5077592.151,26054.66929,13782628,0,7527288,0,16.3,0,45.4,0,2325,15,1406,52,919,54.12023651,25630,52,2184560.632,48327.83592,1177747.849,26054.66929,1006812.783,54903.78417,60.4731183,2.2703333,53.9123443,1.6866946,12724384.67,1619586.698,22294631008,2514467481,7084841.862,1002172.244,9745550849,3010750890,4903489.054,694212.6114,10316383972,1357292012,7820895.613,1762098.812,11978247036,2857409372,7163759.322,657770.1033,17475458327,2039277061,5560625.345,1748062.522,4843717254,2289143947,18526533.14,1939827.242,25840390436,4165325725,68.68195238,11.31980894,86.27822812,16.97374891,38.53615858,7.336487704,46.2729523,8.018704685,56.2994558,8.83587457,78.3841559,12.72084845,231.3707649,0,54.03148306,0,837.6584986,36.09953609,198.1112817,1.09314719,82.85368713,0,939.5959708,21.65205402,1095.552539,87.93023814,4.282147218,0,4.228222095,0.183705998,0.764599112,0.069654464,2.034163557,0.258912657,0.941221043,0.133138555,1.41085757,0.129745839,4.721405647,1.387872518,3.346479296,1.030724277,2.161196429,4.11E-01,3441.682161,402.0109516,3564.095798,401.9713527,4112.69463,1945.790466,1294.696157,399.9781715,2.75284342,9.05E-01,1.194966426,0.582335655,1752.118597,297.9676734,1375.549524,467.3840568,2103.886408,406.6183204,1531.569737,502.5534588,2439.425662,362.2213352,866.6602014,307.3872829,1.273759008,0.483980212,1.373679799,0.523122091,2.814742915,1.08229075
2018,28364,0,153364,0,125000,0,6063716,0,4901965.431,25700.77023,10961164,0,4897448,0,18.5,0,55.3,0,2477,16,1500,0,977,16,26864,0,2345965.242,51898.50152,1161750.569,25700.77023,1184214.673,57913.59124,60.5571256,0.3911643,49.5212183,1.5493144,12902108.87,1741782.967,23340189681,2832268358,7171976.349,1071367.195,9745550849,3218628088,4975803.667,757635.3963,10460625066,1451006195,7926305.198,1899426.044,12879564615,3182320384,7264023.721,703185.8188,18154516471,2279458969,5638085.144,1878371.156,4911190487,2471797442,18796453.94,2172096.656,25840390436,4452920505,68.64118577,12.19783272,90.32444668,19.03698569,38.56581679,7.84786102,44.81808078,8.259908641,56.30105743,9.352749327,77.78221479,13.5818902,213.7821182,0,39.179584,0,774.5003793,17.13384682,182.4734005,0.956699309,71.47155786,0,947.0994114,21.82703639,1212.092808,62.51225533,5.456467282,0,4.244456327,0.096498757,0.638977787,0.035858336,2.127756126,0.287246792,1.464431342,0.2187603,1.481859434,0.143660012,4.853094368,1.529412973,3.275003186,1.079821979,1.452957243,2.93E-01,3703.517849,465.4144174,3849.156141,467.0845993,4227.405278,2129.703356,1989.924313,657.2051583,1.934322886,6.81E-01,1.141456704,0.5926698,1809.021295,328.3766046,1358.837561,492.5500497,2102.298597,433.0179334,1624.914042,559.2992307,2499.236947,396.2374665,919.7578748,328.6108279,1.331300625,0.539696094,1.293790652,0.518970325,2.717277031,1.062120974
