,year,C_all,V_all,C_larg_eez,V_large_eez,C_med_eez,V_med_eez,C_ceph_eez,V_ceph_eez,C_shri_eez,V_shri_eez,C_lob_eez,V_lob_eez,C_jell_eez,V_jell_eez,C_small_eez,V_small_eez,RC_larg,RV_larg,RC_med,RV_med,RC_ceph,RV_ceph,RC_shri,RV_shri,RC_lob,RV_lob,RC_jell,RV_jell,RC_small,RV_small,VpC_larg,VpC_med,VpC_ceph,VpC_shri,VpC_lob,VpC_jell
0,1950,43719.00925,75266323.83,14653.95795,13894467.38,10077.56782,9667671.558,5995.089157,6707157.692,9429.520231,37856829.57,0,0,3232.978365,6857147.113,108.0023394,277134.0027,0.335185042,0.184604039,0.23050769,0.128446177,0.137127745,0.089112333,0.215684673,0.502971683,0,0,0.073949031,0.091105115,0.002470375,0.003682045,948.1716423,959.3258738,1118.775304,4014.714285,,2121
1,1951,66264.39158,115044006.7,21704.4064,21540353.76,14456.57703,16047020.22,9476.407017,10253472.39,14075.90363,54666788,0,0,5148.074865,10919066.79,1156.876966,1745753.394,0.327542529,0.187235775,0.218165091,0.139485929,0.14300904,0.089126524,0.212420326,0.475181537,0,0,0.077689914,0.094912087,0.017458501,0.015174657,992.441505,1110.015199,1082,3883.714285,,2121
2,1952,86899.24388,122803167.5,28217.01733,27937625.32,18769.05745,16252620.66,11803.82391,10195890.85,18291.05829,60232454.95,112.8073122,387125.3551,7107.382651,5358966.519,2219.656349,2607600.998,0.324709584,0.227499224,0.21598643,0.132346917,0.135833448,0.083026285,0.210485816,0.490479652,0.001298139,0.003152405,0.081788774,0.043638667,0.025542873,0.021233988,990.0984569,865.9263102,863.7786303,3293,3431.739906,754
3,1953,91836.17004,144516836.2,29980.63697,33473385.72,20618.22571,21031127.49,10479.9865,9631107.598,19303.06129,70220719.63,102.4205271,323956.1274,7952.690239,6012233.821,3059.184263,4118819.95,0.326457832,0.231622741,0.22451095,0.145527179,0.11411611,0.066643499,0.210190182,0.485899924,0.001115253,0.00224165,0.086596493,0.041602307,0.033311322,0.028500624,1116.500152,1020.026057,919.0000001,3637.802241,3163.000001,756
4,1954,113866.9288,325799359,38429.82544,40975442.31,26066.54594,25790097.33,9096.247176,7640847.629,24575.35835,239216538.2,79.4063065,278001.479,10670.44975,7127860.43,4660.822741,5115665.22,0.33749769,0.125768947,0.228921129,0.079159448,0.079884891,0.023452617,0.215825249,0.734244964,0.000697361,0.00085329,0.093709823,0.021878068,0.04093219,0.015701889,1066.240657,989.3945053,840.0000001,9734.000001,3501,667.9999998
5,1955,133261.4975,380784400.4,43435.30674,43451252.33,28501.1169,28929083.33,14516.89705,11178509.12,27980.82392,287390351.6,67.57637293,246451.032,12791.68757,3978214.836,5759.904714,6411435.446,0.325940407,0.114109854,0.213873605,0.075972344,0.108935419,0.029356531,0.209969304,0.75473247,0.000507096,0.000647219,0.095989373,0.010447421,0.043222572,0.016837442,1000.367111,1015.015778,770.0343318,10270.97531,3646.999999,311.0000001
6,1956,170201.9047,483357182.1,52344.67296,53748878.31,34497.69079,29174329.69,20122.35984,15978634.89,34945.14712,366369733,0.191674375,791.8065168,16689.56239,7526992.637,10943.13251,11600032.11,0.307544578,0.111199089,0.202686867,0.060357704,0.118226408,0.033057613,0.205315841,0.757968941,1.13E-06,1.64E-06,0.098057436,0.01557232,0.064295006,0.023998882,1026.826137,845.6893497,794.0736088,10484.13766,4130.998297,451
7,1957,168523.4509,491733810.4,51404.61991,45838793.44,32749.32384,44364137.13,22307.74191,17691816.49,34877.39861,366582615.6,0.184850711,739.5874186,17405.59999,8285065.593,9640.026173,12560230.87,0.305029476,0.093218714,0.194330959,0.090219822,0.132371737,0.035978442,0.206958726,0.745489951,1.10E-06,1.50E-06,0.103282955,0.01684868,0.057202877,0.025542744,891.7251703,1354.65811,793.0796654,10510.60659,4000.998506,475.9999999
8,1958,182611.8214,540003553.4,53796.03391,17324535.48,36408.37181,51024152.54,22258.19767,23721982.25,37254.66799,416053930.1,66.23239704,275857.9336,19354.81088,16045138.22,13047.94447,18304642.4,0.294592286,0.032082262,0.199375767,0.094488551,0.121888044,0.043929308,0.204010166,0.770465181,0.000362695,0.000510845,0.105988817,0.029713024,0.071451806,0.033897263,322.0411286,1401.440108,1065.763841,11167.83352,4165,828.9999999
9,1959,200055.4042,638341176.8,58652.45966,61588587.26,35830.9367,56231947.49,28712.30901,28683596.7,40563.54474,463242672,63.83399732,291210.6958,21964.48815,11289746.91,14068.24594,20277460.43,0.293181081,0.096482241,0.179105067,0.088090741,0.143521786,0.044934586,0.202761554,0.725697618,0.000319082,0.000456199,0.109792026,0.01768607,0.070321749,0.031765866,1050.059752,1569.368615,999.0000001,11420.17235,4562.000001,514.0000002
10,1960,215786.1167,696653099.7,61263.4564,53480916.65,44303.60494,71928677.49,29238.96845,35841021.66,42378.09992,498306533,1.71461748,3248.852591,23814.65515,16074892.22,14336.4249,20275969.89,0.283908239,0.076768361,0.205312583,0.103248917,0.135499767,0.051447445,0.196389372,0.715286469,7.95E-06,4.66E-06,0.110362314,0.023074457,0.066438125,0.02910483,872.9660354,1623.540062,1225.796379,11758.58601,1894.797312,674.9999997
11,1961,234240.7552,763718314,62189.67623,60425141.74,42199.60608,74325591.43,40095.00749,39647724.42,44084.49874,543590506.3,59.01049274,309273.9925,25955.60632,23230267.66,17351.48644,21794180.12,0.265494688,0.079119671,0.180154842,0.097320687,0.171170075,0.051914068,0.188201659,0.711768323,0.000251922,0.000404958,0.110807388,0.030417324,0.074075438,0.028536935,971.6265689,1761.28638,988.84442,12330.64959,5241.000001,894.9999999
12,1962,254316.043,879930745.4,69998.19614,65128078.52,46290.10945,76508248.25,34945.90029,43465789.45,48800.96932,632318909.1,63.32907421,346030.0614,29852.64594,27404728.98,21647.13609,35532611.57,0.275240977,0.074015005,0.182018047,0.086948034,0.137411308,0.04939683,0.191891037,0.718600768,0.000249017,0.000393247,0.117384045,0.031144188,0.085119035,0.040381146,930.4250981,1652.799036,1243.802251,12957.09733,5463.999999,918.0000003
13,1963,274693.7029,894834345.7,69741.65377,61016967.05,45635.93295,75270763.19,54630.86212,75875341.97,50225.8038,621143367.3,64.63841986,323213.9911,31674.23764,28063374.54,21328.96604,32923733.3,0.253888797,0.068188003,0.166133888,0.08411698,0.198879194,0.084792612,0.182842939,0.694143409,0.000235311,0.0003612,0.115307476,0.03136153,0.07764636,0.036793104,874.8999164,1649.374919,1388.873231,12367.01696,5000.338681,886
14,1964,287102.9438,1016679464,75190.94606,59904750.76,51953.11397,81769658.4,42582.48805,57734327.23,53317.3518,742082425.9,58.81784937,351260.1964,34923.22931,36669390.78,28367.33398,40556746.53,0.26189542,0.058921964,0.180956396,0.08042816,0.148317839,0.056787148,0.185708134,0.729907953,0.000204867,0.000345497,0.121640095,0.036067799,0.098805445,0.03989138,796.7016496,1573.912556,1355.823247,13918.21613,5971.999999,1050
15,1965,310247.0741,1202367789,82027.33896,67479701.08,59297.33346,86526546.95,40954.75475,54379715.37,58163.76238,922053515.5,69.66906537,492387.5102,39357.04186,33374771.49,25834.0371,33969178.49,0.264393594,0.056122346,0.191129388,0.07196346,0.132006901,0.045227189,0.18747562,0.76686478,0.00022456,0.000409515,0.126857093,0.027757539,0.083269237,0.028251903,822.6489111,1459.197942,1327.799805,15852.71444,7067.519961,847.9999998
16,1966,324219.3964,1301336106,85885.1851,94610828.08,60635.34681,89293664.71,43558.03468,60275701.57,61619.93606,967448675.7,54.60576269,330965.5277,42745.3635,50054820.66,27260.9953,37957925.67,0.264898356,0.072702838,0.187019492,0.068616911,0.134347405,0.046318319,0.190056291,0.743427209,0.000168422,0.000254327,0.131840858,0.038464175,0.084081938,0.029168426,1101.596602,1472.633858,1383.802139,15700.25446,6061,1171
17,1967,336371.2028,1288864779,91684.60456,101459539.8,70666.90044,93338549.39,31416.16592,35742519.24,64904.9033,950214820.7,55.21453651,419851.3356,46583.90659,73416236.79,27818.14689,33069753.16,0.27256972,0.078720081,0.210086059,0.072419195,0.093397311,0.027731784,0.192956183,0.737249427,0.000164148,0.000325753,0.13848958,0.056961939,0.082700739,0.025658047,1106.614794,1320.82416,1137.711054,14640.10841,7604.000001,1576
18,1968,365807.8417,1452399110,94917.58478,111501959.2,71079.66269,69227937.73,43073.54271,66409700.63,69189.17918,1084007977,56.76187519,456195.1909,51354.18589,72614818.85,30255.98347,44218360.57,0.259473893,0.076770881,0.194308745,0.047664542,0.117749096,0.04572414,0.189140776,0.746356818,0.000155169,0.000314098,0.140385689,0.049996463,0.082710046,0.030445048,1174.723941,973.9485967,1541.774752,15667.30506,8037,1414
19,1969,372141.4893,1502914703,97790.03733,114440758.1,71882.65633,79835484.95,39231.9145,65419064.03,71158.08742,1106003209,55.53620308,405691.9635,54312.47048,85596453.48,32212.3709,45489029.55,0.262776498,0.076145877,0.193159479,0.053120436,0.105422039,0.043528128,0.191212454,0.735905509,0.000149234,0.000269937,0.145945755,0.056953634,0.086559472,0.030267206,1170.270114,1110.636265,1667.49609,15542.90241,7304.999999,1576
20,1970,340129.2073,1342404328,89173.04125,105636276,68475.12673,93409502.59,35397.46267,64220824.48,68721.51362,940974940.5,114.6051915,449051.7325,41251.31358,79945045.71,32073.46858,53519094.72,0.262174019,0.078691847,0.201320926,0.069583732,0.104070635,0.04784015,0.202045318,0.700962385,0.000336946,0.000334513,0.121281304,0.059553626,0.094297896,0.039868089,1184.62121,1364.13771,1814.277624,13692.58171,3918.249484,1938
21,1971,399425.0134,1181348407,101103.1432,83143058.71,81928.04721,109075982.2,36117.0717,22521522.66,71782.95056,841627198.4,148.388907,863509.508,62120.21395,72121568.41,32374.93493,41247459.33,0.253121712,0.070379795,0.205114964,0.092331764,0.090422659,0.019064251,0.179715712,0.712429287,0.000371506,0.000730952,0.155524096,0.06105021,0.08105385,0.034915576,822.3587916,1331.36314,623.5700071,11724.61137,5819.232217,1161
22,1972,408712.769,1318544759,114377.4984,113872734.7,82974.47933,129415345.9,36842.1637,48179040.23,68598.71804,833697288.9,116.0416743,633712.8107,66131.73403,136826557.7,33994.44476,50809048.01,0.279848116,0.086362434,0.20301416,0.098150135,0.090141944,0.036539556,0.167840898,0.632285923,0.00028392,0.000480615,0.161804913,0.103770886,0.083174413,0.038534185,995.5868621,1559.700609,1307.714732,12153.24882,5461.079516,2069
23,1973,459330.0573,2519126476,138501.7398,290866761.8,87304.11117,170285379.6,26246.87152,46218800.26,92671.0693,1902824217,271.0181269,1071480.637,69256.84338,25625032.05,36672.79069,69028993.84,0.301529886,0.115463342,0.190068361,0.067596995,0.057141637,0.018347154,0.201752678,0.755350808,0.000590029,0.000425338,0.150777948,0.01017219,0.079839736,0.027401956,2100.094643,1950.485232,1760.926068,20533.09875,3953.538642,370
24,1974,529483.0476,2294356921,145544.5654,181571196.6,110193.0419,163075531.2,22909.12601,35430498.21,110204.3638,1806338800,272.9746133,1263332.595,89872.2593,34870436.61,40125.56941,61042285.76,0.274880501,0.079138165,0.208114391,0.071076793,0.043266968,0.015442453,0.208135774,0.787296336,0.000515549,0.000550626,0.169735858,0.015198349,0.075782539,0.026605401,1247.529896,1479.9077,1546.566997,16390.81011,4628.022289,388
25,1975,602816.0056,768781581.6,136181.215,201846954.6,116721.2127,175043574.8,30984.40528,46879202.88,114699.8848,186022572.8,202.5986433,1141593.751,118773.5731,38838958.38,64636.95658,93381940.48,0.225908426,0.262554358,0.193626598,0.227689605,0.05139944,0.060978572,0.190273456,0.241970642,0.000336087,0.001484939,0.19703122,0.050520147,0.107225017,0.121467453,1482.193815,1499.672345,1512.99347,1621.820049,5634.755163,326.9999999
26,1976,635246.569,1141482018,123900.3362,147708877,113781.7301,124485745,45700.32359,69392134.98,115848.8323,612537077.5,1093.560618,3105930.882,133501.8434,52466224.42,75723.89743,109700637.6,0.195042905,0.129400967,0.179114277,0.109056247,0.071941079,0.060791264,0.182368293,0.536615618,0.001721474,0.002720963,0.21015752,0.045963251,0.119203946,0.096103693,1192.158807,1094.074988,1518.41671,5287.382405,2840.200013,392.9999999
27,1977,614409.2564,1001121107,114277.6106,167808877.1,121225.892,122978957.3,28697.72479,89418090.06,127180.7183,391675107.2,602.3315742,2295998.911,122674.6028,83050706.06,77209.5648,121918034.7,0.185995913,0.167620956,0.197304794,0.122841239,0.046707833,0.089317955,0.206996748,0.39123649,0.000980343,0.002293428,0.199662686,0.082957702,0.125664716,0.121781505,1468.431797,1014.461146,3115.859906,3079.673651,3811.852158,676.9999998
28,1978,619641.7993,921297099.1,119582.7134,111021316.9,146924.6133,158211544.5,34591.64162,38422983.89,155664.2922,527658224.2,776.5095861,2686670.144,112170.213,21648851.11,20240.39337,31587128.38,0.192986841,0.120505445,0.237112173,0.171726955,0.055825223,0.041705313,0.251216578,0.572734058,0.001253159,0.002916182,0.181024284,0.02349823,0.032664668,0.034285497,928.406069,1076.821241,1110.759192,3389.719099,3459.931715,193.0000001
29,1979,593638.8814,1177347191,145806.8424,135313057.8,98852.45994,135936594.2,56406.46748,73156019.92,146705.7372,785209625.1,108.6574848,543093.1179,120905.0614,17047613.65,11441.68075,16642140.18,0.245615385,0.114930463,0.166519517,0.115460074,0.095018149,0.062136318,0.247129597,0.666931243,0.000183036,0.000461285,0.203667693,0.014479683,0.019273806,0.014135287,928.0295468,1375.146297,1296.943829,5352.276195,4998.211758,140.9999999
30,1980,638026.1687,1054553698,148816.0207,120552790.8,117499.6506,145434123.9,57062.34058,51875071.64,155417.8146,628388262,89.10655589,484603.5673,123161.8382,65029450.56,16642.29571,24440428.29,0.233244384,0.114316408,0.184161178,0.137910591,0.089435737,0.049191494,0.243591599,0.595880762,0.00013966,0.000459534,0.193035716,0.061665376,0.026084033,0.023176087,810.0793869,1237.740906,909.0947043,4043.219008,5438.472652,527.9999999
31,1981,697915.6194,832687428.7,185152.8012,105518704.7,130224.5937,149241753.2,49869.41424,26516199.62,167495.403,472347695.4,131.2497299,964418.5862,129220.2418,42125798.82,20152.87274,21928130.38,0.265293964,0.126720665,0.186590742,0.179229021,0.07145479,0.031844121,0.239993773,0.567256907,0.00018806,0.0011582,0.185151669,0.05059017,0.028875801,0.026334168,569.9006658,1146.033548,531.7126744,2820.063637,7347.966254,326
32,1982,861755.0739,825769799.7,205930.3181,97718667.44,155245.5506,165389405.6,68620.14639,35648254.81,207690.6072,409382039.4,146.3778117,767194.9707,164003.7112,38376868.43,37818.89176,38536423.88,0.23896618,0.118336451,0.180150434,0.200285122,0.079628364,0.043169725,0.241008859,0.495758066,0.00016986,0.000929066,0.190313601,0.046474052,0.043885894,0.046667272,474.5229762,1065.340713,519.5012935,1971.114847,5241.19716,234.0000001
33,1983,885221.6925,1633725703,177699.7469,71473921.33,120272.5607,126209411.1,54470.57911,38298625.13,234452.5919,1234449534,285.9092409,1917196.895,177292.1105,8687313.413,93648.99306,97411865.96,0.200740389,0.043749034,0.135867164,0.07725251,0.061533263,0.023442506,0.264851838,0.755603911,0.00032298,0.001173512,0.200279898,0.005317486,0.105791571,0.059625594,402.2173502,1049.361637,703.1066266,5265.241573,6705.613603,48.99999998
34,1984,992589.0089,1211516748,185979.9147,53698973.95,140110.4418,110868645.7,96197.25736,37582535.24,275744.1849,860538931.4,253.7501596,899204.11,179499.5522,35720410.89,89505.76056,81681420.73,0.187368501,0.044323757,0.141156552,0.091512268,0.096915497,0.031021061,0.277802981,0.710298833,0.000255645,0.000742214,0.180839754,0.029484042,0.09017404,0.067420794,288.7353403,791.2946691,390.6819828,3120.787231,3543.659289,199
35,1985,1077973.076,1461197009,183175.3985,54742338.8,125701.9013,99927600.47,79175.90393,47262509.68,348316.0653,1125224014,295.1265081,1830472.969,207980.1606,16430432.69,112569.6387,102740425.6,0.169925764,0.037464037,0.1166095,0.068387494,0.073448869,0.032345064,0.323121302,0.770070031,0.000273779,0.001252722,0.192936322,0.011244502,0.104427134,0.070312508,298.8520251,794.9569533,596.9304717,3230.468318,6202.333301,79
36,1986,1219443.107,1406975061,181466.3994,48654188.12,162516.6531,117220059.2,70653.61272,47889352.65,353015.5672,991848204.9,536.5456566,2223872.872,250812.308,39628344.67,156957.1649,137627284.1,0.148810878,0.034580704,0.133271206,0.08331353,0.057939245,0.034037101,0.289489165,0.704950808,0.000439992,0.001580606,0.205677745,0.028165634,0.128712167,0.097817856,268.1167879,721.2802928,677.8047266,2809.644382,4144.797082,158
37,1987,1376551.09,1525187288,175325.2527,30100024.11,158319.1276,71344869.8,112113.9692,47601252.34,341174.4804,418872580.9,57268.96818,55503425.49,298144.2193,720316433.8,201596.438,156423764,0.127365598,0.019735297,0.115011443,0.046777776,0.081445556,0.031210102,0.247847307,0.274636812,0.041603228,0.036391219,0.216587835,0.472280636,0.146450386,0.102560363,171.6810536,450.6396093,424.5791374,1227.73714,969.1710408,2416
38,1988,1579579.003,1981810869,164523.0745,39431724.23,132782.2552,64836540.19,136257.5571,60745609.09,436711.2996,693469531.2,56429.8667,61685866.01,386656.0553,852963258,236525.6492,186593117.2,0.104156281,0.019896815,0.0840618,0.032715807,0.086261945,0.030651568,0.276473224,0.349917114,0.035724624,0.031126011,0.244784246,0.430395898,0.149739676,0.094152839,239.6729112,488.2922051,445.8146057,1587.935856,1093.142154,2206
39,1989,1632693.301,2442127802,190577.5264,52783764.46,197591.8465,106300999.2,165589.2356,64235034.95,405780.9001,575923568.2,74858.98293,68651162.6,412744.3063,1411172783,148914.5642,131568050,0.116725858,0.021613842,0.121022023,0.043528024,0.101420907,0.026302896,0.248534676,0.235828592,0.045849997,0.028111208,0.252799657,0.577845585,0.091207923,0.05387435,276.9674129,537.9827212,387.9179388,1419.296887,917.0731409,3419.000001
40,1990,1874318.313,1675243899,258762.3473,40296487.62,248682.6959,144170799.9,175898.2414,58686804.06,429338.9041,233748014.6,75068.03313,47352322.64,459130.2483,1009627416,173243.6052,95295423.94,0.138056778,0.024054102,0.132679008,0.086059587,0.093846515,0.035031796,0.229064028,0.139530734,0.040050845,0.028265927,0.244958524,0.60267487,0.092430194,0.056884506,155.7277867,579.7379645,333.6406527,544.4370691,630.7921051,2199.000001
41,1991,2047007.916,1350104232,290279.4457,65633721.41,259910.1732,118397609.2,253597.408,55435552.68,462799.8352,216289671,81789.26117,28456368.91,482969.1126,781444024.2,179028.5535,72946102.96,0.141806704,0.048613818,0.126970771,0.087695163,0.123886873,0.041060203,0.226086002,0.160202204,0.039955518,0.021077165,0.235939055,0.578802742,0.087458653,0.054029979,226.1053009,455.532801,218.5966848,467.3503631,347.9230465,1618
42,1992,2387032.602,2321032585,311465.3967,82784559.33,282665.9646,298161374.4,269432.6949,273540872.9,514871.6125,506335868.6,97205.67764,360431771.2,627115.5852,543709212.4,256553.5889,230333993.5,0.130482255,0.035667125,0.118417304,0.12846066,0.112873488,0.117853096,0.215695258,0.218151127,0.040722392,0.155289408,0.262717646,0.23425316,0.107478041,0.099237726,265.7905507,1054.818803,1015.247511,983.421607,3707.929207,867
43,1993,2553286.109,2814905793,304067.5107,113436990.6,282076.3056,573535221.8,331368.9971,272781886.5,624223.1112,742612962.1,70627.30041,234340912.9,627310.6947,570852732.2,293761.4857,294261150.3,0.119088695,0.040298681,0.110475792,0.203749347,0.129781381,0.096906221,0.244478324,0.263814496,0.027661334,0.083250001,0.245687583,0.202796388,0.115052318,0.104536766,373.0651471,2033.262668,823.1967651,1189.659512,3317.993348,910
44,1994,3157491.194,2819679770,395590.3858,107826516.9,349236.6013,683833299.8,425368.9853,348754869.3,738287.5045,813819505.6,161639.6082,339534884.6,700780.9921,186407743.9,360306.7165,328614415.3,0.125286299,0.038240696,0.110605725,0.242521618,0.134717394,0.123685985,0.233820923,0.288621252,0.051192418,0.120416115,0.221942343,0.066109544,0.114111709,0.116543169,272.571126,1958.080274,819.8878652,1102.307029,2100.567357,266
45,1995,3621302.143,3842866083,532577.4934,172909321.3,452936.8828,1032027611,436375.76,213839978.6,819014.3704,985701006.4,152852.3303,260926806.8,724717.8946,716745997.8,471609.5124,445529762.3,0.147067953,0.044994886,0.125075695,0.268556745,0.120502445,0.055645961,0.226165711,0.256501523,0.042209218,0.067899011,0.200126327,0.186513394,0.130232026,0.115936843,324.6650928,2278.524116,490.036336,1203.521015,1707.051547,989
46,1996,4178029.457,4597848018,564370.4459,217373187.2,560211.7089,984414299.1,606087.7905,537896779.3,878264.2714,1079043288,185937.627,393775317.4,951306.2732,976040236.3,386937.6193,383519070.5,0.135080533,0.047277158,0.134085151,0.214103272,0.145065466,0.116988813,0.210210167,0.23468442,0.044503666,0.085643396,0.227692572,0.212281971,0.092612468,0.083412734,385.1604717,1757.218358,887.4898781,1228.608886,2117.781773,1026
47,1997,4069100.901,4318972628,499851.9884,123914922.4,440967.6838,1122152385,529395.7525,289106551.3,976549.7992,979790442.9,151747.3748,340375768.8,903753.2106,909175729.8,536458.796,535137703.3,0.122840893,0.028690833,0.108369808,0.259819288,0.130101407,0.066938732,0.239991542,0.226857296,0.037292606,0.07880943,0.22210145,0.210507409,0.131837182,0.123903936,247.9032299,2544.749709,546.1066696,1003.318462,2243.042223,1006
48,1998,4231507.683,3902480315,585966.7983,343355098.3,463891.8318,275592724.5,612389.5008,305677677.7,1002899.995,1170120259,153886.0927,248804788.1,866409.457,1009367017,510389.4664,527840480.9,0.138477073,0.087983813,0.109628026,0.070619889,0.14472135,0.078329076,0.237007722,0.299840144,0.036366729,0.063755553,0.204751952,0.258647562,0.120616458,0.135257692,585.9634016,594.0883318,499.1556474,1166.736728,1616.811395,1165
49,1999,3601437.547,3443554615,491941.9128,235239663.5,410602.2995,252760233.5,488765.6033,365080075.8,892122.2235,1382347888,131988.0771,149679338.5,750851.404,647984761.6,413576.9376,398517340,0.136595986,0.068313034,0.114010667,0.073400965,0.13571403,0.106018378,0.247712812,0.401430509,0.03664872,0.043466521,0.208486581,0.188173219,0.114836626,0.115728479,478.1858537,615.584067,746.9430609,1549.505047,1134.036814,862.9999999
50,2000,3436701.258,3910128779,440090.5359,191172366.2,420533.6992,242174594.8,411132.2322,249350206.1,902256.5275,1430977294,174490.4862,362385160.5,676967.2681,1044560494,395686.2802,382803162.9,0.128056093,0.048891578,0.122365509,0.061935197,0.119629901,0.063770331,0.262535628,0.365966794,0.050772666,0.092678574,0.196981703,0.267142223,0.115135489,0.097900398,434.3932682,575.8744072,606.4963693,1585.998273,2076.81902,1543
51,2001,3710121.987,4188452779,536250.562,279285499.4,450227.4816,346514132.9,423073.7685,273135841.2,966395.3784,1301510575,190724.3635,320534732.1,671245.9144,1194817728,453491.2914,464566654.9,0.144537178,0.066679873,0.121351127,0.082730821,0.114032307,0.065211632,0.260475366,0.310737796,0.051406494,0.076528196,0.180922869,0.285264703,0.122230831,0.110916055,520.8115742,769.642341,645.5986202,1346.768211,1680.617652,1780
52,2002,3592946.213,3857987298,496809.7943,247870521.9,456842.9744,369452886,393646.5883,247650486.3,930263.2656,1035852292,190399.3715,293830627,660155.7972,1199503083,447018.6428,457270080.5,0.138273652,0.064248662,0.127149962,0.095763116,0.109560947,0.064191628,0.258913775,0.268495517,0.052992547,0.076161637,0.183736622,0.310914213,0.124415624,0.118525554,498.9243867,808.7086957,629.1188431,1113.504456,1543.233177,1817
53,2003,3281862.133,3415738641,478961.9009,361438532.8,569703.1236,423407881.4,513610.7331,386136389.9,569926.6451,714673569.5,370667.4409,577323315.2,454124.7482,657572635.4,319029.1518,291414752,0.145942115,0.105815629,0.173591425,0.123957928,0.15649979,0.113046234,0.173659533,0.209229583,0.112944245,0.169018587,0.138374109,0.192512574,0.097209797,0.085315296,754.6289844,743.2079339,751.8074779,1253.974657,1557.523676,1448
54,2004,3374904.263,3586061704,490566.1108,237486305.2,599022.269,408216558.6,524901.3683,723593283.7,548746.095,915128555.2,432158.0757,864274682.2,463423.377,31512789.64,306243.2487,401593799.1,0.145357045,0.066224824,0.177493115,0.113834226,0.155530744,0.201779373,0.162596048,0.255190409,0.12805047,0.241009428,0.137314526,0.008787576,0.090741315,0.11198742,484.1066268,681.471424,1378.531906,1667.672105,1999.904041,68
55,2005,3288846.502,3982527894,446794.7075,293798115.9,589148.1527,382611555.3,500790.3709,648092215.9,590865.8343,1133186725,385398.0215,659357977.6,462818.5691,420702079.3,306690.2122,441157538,0.135851493,0.073771766,0.179135192,0.096072536,0.152269304,0.162733879,0.179657467,0.284539556,0.117183341,0.165562676,0.140723675,0.105636944,0.093251604,0.110773244,657.5684782,649.431817,1294.138733,1917.841005,1710.84941,909
56,2006,3341086.28,4418122640,549413.1393,363307491.1,610242.5834,513755151.8,442486.2521,829390997.7,610374.5116,1169369840,377797.4279,620123957.8,427889.7142,406923118.2,317027.2875,511561200.7,0.16444147,0.082231192,0.182647958,0.116283587,0.132437841,0.187724756,0.182687444,0.26467573,0.113076226,0.140359154,0.128069041,0.092103174,0.094887489,0.115787007,661.2646571,841.8867607,1874.388173,1915.823511,1641.419216,951
57,2007,3166621.96,4768453818,431804.6079,349885527.8,602243.7973,468552768.4,465933.4602,519751758.9,617799.9736,1671484611,341824.8655,242164206.2,412317.3224,1065015644,289235.0573,447845024.9,0.136361275,0.073375048,0.190184937,0.098260943,0.14713896,0.108997965,0.195097483,0.350529686,0.107946219,0.050784639,0.130207309,0.223346118,0.091338676,0.09391829,810.2866931,778.0117794,1115.506405,2705.543351,708.4452615,2583
58,2008,3165127.137,5054760720,525718.4734,533517569.4,603280.7579,816629176.9,436752.7688,474900212,537212.5231,1519783859,342792.4089,276201454.6,435622.2126,943122090.2,278053.447,484482865.8,0.166097111,0.105547542,0.190602377,0.161556446,0.137989012,0.093951077,0.169728576,0.300663858,0.108302887,0.054641846,0.137631821,0.186580956,0.087849061,0.095846845,1014.835119,1353.646982,1087.343334,2829.017928,805.7397056,2165
59,2009,3353402.03,7544980309,515433.5021,522805100.6,612501.8131,788018227.1,430508.477,445505758.3,557389.576,1475305629,347908.0352,347838400.5,591606.1085,3465628585,288398.9753,487161635.8,0.153704655,0.069291778,0.182650874,0.104442714,0.12837962,0.059046643,0.16621615,0.195534721,0.103747786,0.046101962,0.176419679,0.45932904,0.086001909,0.064567648,1014.301745,1286.556562,1034.836204,2646.812378,999.7998473,5858.000001
60,2010,3347646.414,7844867294,496074.0001,524714461.1,623900.6636,779808246.3,431411.6291,544137740.6,542524.3652,1698582635,371472.1009,654957071.6,599857.2343,3111459474,275137.8943,522793845.8,0.148185901,0.06688634,0.186369941,0.099403626,0.12887013,0.069362262,0.16206143,0.216521527,0.110965155,0.083488611,0.179187752,0.396623598,0.082188457,0.066641516,1057.734251,1249.891676,1261.29595,3130.887282,1763.139331,5186.999999
61,2011,3429331.685,8106416590,514898.7754,565901054.6,637781.3888,805205018.4,438169.4234,556492276,529611.9716,1678686408,404795.7618,714903087.3,629030.9862,3262783725,267630.7419,514137817.8,0.150145516,0.069809027,0.185978333,0.099329342,0.127771083,0.068648369,0.154435914,0.207081193,0.118039257,0.08818978,0.183426698,0.402493964,0.078041661,0.063423563,1099.053021,1262.509431,1270.039045,3169.653441,1766.08343,5187
62,2012,3424334.84,8207589048,454515.2884,487605494.9,599874.2785,756304141.2,471116.6042,598090589,552818.3124,1760750871,422284.7235,679218038.1,662248.8314,3435084689,253664.9616,481951414.9,0.132730971,0.059409102,0.175179796,0.09214693,0.137579012,0.072870435,0.161438159,0.214527171,0.12331876,0.082754879,0.193394882,0.418525422,0.074077149,0.058720217,1072.803286,1260.771079,1269.517108,3185.044401,1608.436205,5187
63,2013,3406595.121,8211361858,461420.1989,500766807.2,584573.7876,755238132,438783.9167,561956562.8,556941.5464,1777257149,446651.5304,711933506.1,659204.5141,3419293814,250584.8298,475700288.6,0.135449087,0.060984623,0.171600606,0.091974771,0.128804246,0.068436463,0.16348921,0.216438779,0.13111377,0.086701026,0.193508324,0.416410073,0.073558735,0.05793196,1085.272835,1291.946625,1280.713676,3191.10176,1593.934998,5187
64,2014,4043238.014,9306696292,634899.4279,866665803.6,765651.0287,1073341591,447162.9921,574882231.2,811556.7799,1881203015,519297.1266,821119480,716774.6189,3717909949,138305.2575,360526474.2,0.157027468,0.09312282,0.189365806,0.115330033,0.110595268,0.061770817,0.200719516,0.202134351,0.128435952,0.088228889,0.177277374,0.399487619,0.034206558,0.038738395,1365.044234,1401.867889,1285.62122,2318.017743,1581.213217,5187.000001
